location_id,location_name,category,tier,financing_confound_flag,geo_method,population,business_count,predicted_count,competitors_100m,competitors_500m,anchors_market_500m,bus_stops_500m,total_pois,population_sum_wp,pop_mean_wp,pop_density_wp,viirs_mean,viirs_median
1,Kawangware,supermarket,1,0,bbox,291565,15,17.6515,,,,,,nan,nan,nan,nan,nan
1,Kawangware,pharmacy,1,0,bbox,291565,79,40.5681,,,,,,nan,nan,nan,nan,nan
1,Kawangware,restaurant,1,0,bbox,291565,34,62.3394,,,,,,nan,nan,nan,nan,nan
1,Kawangware,hairdresser,1,0,bbox,291565,1,10.2848,,,,,,nan,nan,nan,nan,nan
1,Kawangware,clothes,1,0,bbox,291565,4,4.5404,,,,,,nan,nan,nan,nan,nan
1,Kawangware,hardware,1,0,bbox,291565,2,4.3863,,,,,,nan,nan,nan,nan,nan
1,Kawangware,salon,2,0,bbox,291565,0,2.2049,,,,,,nan,nan,nan,nan,nan
1,Kawangware,greengrocer,2,0,bbox,291565,3,2.5857,,,,,,nan,nan,nan,nan,nan
1,Kawangware,kiosk,2,0,bbox,291565,0,28.0751,,,,,,nan,nan,nan,nan,nan
1,Kawangware,fast_food,2,0,bbox,291565,8,9.9796,,,,,,nan,nan,nan,nan,nan
1,Kawangware,laundry,2,0,bbox,291565,0,1.3416,,,,,,nan,nan,nan,nan,nan
1,Kawangware,motorcycle_taxi,2,1,bbox,291565,0,0.0,,,,,,nan,nan,nan,nan,nan
2,Waithaka,supermarket,1,0,bbox,142643,3,14.7037,,,,,,nan,nan,nan,nan,nan
2,Waithaka,pharmacy,1,0,bbox,142643,7,33.7932,,,,,,nan,nan,nan,nan,nan
2,Waithaka,restaurant,1,0,bbox,142643,7,51.9287,,,,,,nan,nan,nan,nan,nan
2,Waithaka,hairdresser,1,0,bbox,142643,2,8.5672,,,,,,nan,nan,nan,nan,nan
2,Waithaka,clothes,1,0,bbox,142643,2,3.7822,,,,,,nan,nan,nan,nan,nan
2,Waithaka,hardware,1,0,bbox,142643,1,3.6538,,,,,,nan,nan,nan,nan,nan
2,Waithaka,salon,2,0,bbox,142643,4,1.8367,,,,,,nan,nan,nan,nan,nan
2,Waithaka,greengrocer,2,0,bbox,142643,0,2.1539,,,,,,nan,nan,nan,nan,nan
2,Waithaka,kiosk,2,0,bbox,142643,0,23.3865,,,,,,nan,nan,nan,nan,nan
2,Waithaka,fast_food,2,0,bbox,142643,1,8.313,,,,,,nan,nan,nan,nan,nan
2,Waithaka,laundry,2,0,bbox,142643,0,1.1175,,,,,,nan,nan,nan,nan,nan
2,Waithaka,motorcycle_taxi,2,1,bbox,142643,0,0.0,,,,,,nan,nan,nan,nan,nan
3,Embakasi,supermarket,1,0,area,539856,29,10.6642,,,,,,nan,nan,nan,nan,nan
3,Embakasi,pharmacy,1,0,area,539856,42,24.5093,,,,,,nan,nan,nan,nan,nan
3,Embakasi,restaurant,1,0,area,539856,44,37.6625,,,,,,nan,nan,nan,nan,nan
3,Embakasi,hairdresser,1,0,area,539856,16,6.2136,,,,,,nan,nan,nan,nan,nan
3,Embakasi,clothes,1,0,area,539856,3,2.7431,,,,,,nan,nan,nan,nan,nan
3,Embakasi,hardware,1,0,area,539856,10,2.65,,,,,,nan,nan,nan,nan,nan
3,Embakasi,salon,2,0,area,539856,3,1.3321,,,,,,nan,nan,nan,nan,nan
3,Embakasi,greengrocer,2,0,area,539856,1,1.5622,,,,,,nan,nan,nan,nan,nan
3,Embakasi,kiosk,2,0,area,539856,25,16.9616,,,,,,nan,nan,nan,nan,nan
3,Embakasi,fast_food,2,0,area,539856,10,6.0292,,,,,,nan,nan,nan,nan,nan
3,Embakasi,laundry,2,0,area,539856,3,0.8105,,,,,,nan,nan,nan,nan,nan
3,Embakasi,motorcycle_taxi,2,1,area,539856,0,0.0,,,,,,nan,nan,nan,nan,nan
4,Kayole,supermarket,1,0,bbox,183873,6,16.0026,,,,,,nan,nan,nan,nan,nan
4,Kayole,pharmacy,1,0,bbox,183873,0,36.7785,,,,,,nan,nan,nan,nan,nan
4,Kayole,restaurant,1,0,bbox,183873,8,56.5161,,,,,,nan,nan,nan,nan,nan
4,Kayole,hairdresser,1,0,bbox,183873,0,9.3241,,,,,,nan,nan,nan,nan,nan
4,Kayole,clothes,1,0,bbox,183873,1,4.1163,,,,,,nan,nan,nan,nan,nan
4,Kayole,hardware,1,0,bbox,183873,1,3.9766,,,,,,nan,nan,nan,nan,nan
4,Kayole,salon,2,0,bbox,183873,1,1.999,,,,,,nan,nan,nan,nan,nan
4,Kayole,greengrocer,2,0,bbox,183873,0,2.3442,,,,,,nan,nan,nan,nan,nan
4,Kayole,kiosk,2,0,bbox,183873,0,25.4525,,,,,,nan,nan,nan,nan,nan
4,Kayole,fast_food,2,0,bbox,183873,1,9.0474,,,,,,nan,nan,nan,nan,nan
4,Kayole,laundry,2,0,bbox,183873,0,1.2162,,,,,,nan,nan,nan,nan,nan
4,Kayole,motorcycle_taxi,2,1,bbox,183873,0,0.0,,,,,,nan,nan,nan,nan,nan
5,Umoja,supermarket,1,0,area,265079,1,9.8765,,,,,,nan,nan,nan,nan,nan
5,Umoja,pharmacy,1,0,area,265079,0,22.699,,,,,,nan,nan,nan,nan,nan
5,Umoja,restaurant,1,0,area,265079,0,34.8807,,,,,,nan,nan,nan,nan,nan
5,Umoja,hairdresser,1,0,area,265079,0,5.7546,,,,,,nan,nan,nan,nan,nan
5,Umoja,clothes,1,0,area,265079,0,2.5405,,,,,,nan,nan,nan,nan,nan
5,Umoja,hardware,1,0,area,265079,0,2.4543,,,,,,nan,nan,nan,nan,nan
5,Umoja,salon,2,0,area,265079,0,1.2337,,,,,,nan,nan,nan,nan,nan
5,Umoja,greengrocer,2,0,area,265079,0,1.4468,,,,,,nan,nan,nan,nan,nan
5,Umoja,kiosk,2,0,area,265079,0,15.7088,,,,,,nan,nan,nan,nan,nan
5,Umoja,fast_food,2,0,area,265079,0,5.5839,,,,,,nan,nan,nan,nan,nan
5,Umoja,laundry,2,0,area,265079,0,0.7506,,,,,,nan,nan,nan,nan,nan
5,Umoja,motorcycle_taxi,2,1,area,265079,0,0.0,,,,,,nan,nan,nan,nan,nan
6,Eastleigh,supermarket,1,0,area,225815,0,9.5492,,,,,,nan,nan,nan,nan,nan
6,Eastleigh,pharmacy,1,0,area,225815,2,21.9468,,,,,,nan,nan,nan,nan,nan
6,Eastleigh,restaurant,1,0,area,225815,14,33.7248,,,,,,nan,nan,nan,nan,nan
6,Eastleigh,hairdresser,1,0,area,225815,13,5.5639,,,,,,nan,nan,nan,nan,nan
6,Eastleigh,clothes,1,0,area,225815,2,2.4563,,,,,,nan,nan,nan,nan,nan
6,Eastleigh,hardware,1,0,area,225815,1,2.3729,,,,,,nan,nan,nan,nan,nan
6,Eastleigh,salon,2,0,area,225815,8,1.1928,,,,,,nan,nan,nan,nan,nan
6,Eastleigh,greengrocer,2,0,area,225815,1,1.3988,,,,,,nan,nan,nan,nan,nan
6,Eastleigh,kiosk,2,0,area,225815,0,15.1882,,,,,,nan,nan,nan,nan,nan
6,Eastleigh,fast_food,2,0,area,225815,16,5.3988,,,,,,nan,nan,nan,nan,nan
6,Eastleigh,laundry,2,0,area,225815,1,0.7258,,,,,,nan,nan,nan,nan,nan
6,Eastleigh,motorcycle_taxi,2,1,area,225815,0,0.0,,,,,,nan,nan,nan,nan,nan
7,Pumwani,supermarket,1,0,bbox,42461,13,9.7995,,,,,,nan,nan,nan,nan,nan
7,Pumwani,pharmacy,1,0,bbox,42461,49,22.5221,,,,,,nan,nan,nan,nan,nan
7,Pumwani,restaurant,1,0,bbox,42461,23,34.6088,,,,,,nan,nan,nan,nan,nan
7,Pumwani,hairdresser,1,0,bbox,42461,5,5.7098,,,,,,nan,nan,nan,nan,nan
7,Pumwani,clothes,1,0,bbox,42461,0,2.5207,,,,,,nan,nan,nan,nan,nan
7,Pumwani,hardware,1,0,bbox,42461,3,2.4351,,,,,,nan,nan,nan,nan,nan
7,Pumwani,salon,2,0,bbox,42461,1,1.2241,,,,,,nan,nan,nan,nan,nan
7,Pumwani,greengrocer,2,0,bbox,42461,1,1.4355,,,,,,nan,nan,nan,nan,nan
7,Pumwani,kiosk,2,0,bbox,42461,13,15.5863,,,,,,nan,nan,nan,nan,nan
7,Pumwani,fast_food,2,0,bbox,42461,8,5.5404,,,,,,nan,nan,nan,nan,nan
7,Pumwani,laundry,2,0,bbox,42461,0,0.7448,,,,,,nan,nan,nan,nan,nan
7,Pumwani,motorcycle_taxi,2,1,bbox,42461,0,0.0,,,,,,nan,nan,nan,nan,nan
8,Githurai,supermarket,1,0,bbox,216392,3,16.4766,,,,,,nan,nan,nan,nan,nan
8,Githurai,pharmacy,1,0,bbox,216392,0,37.8679,,,,,,nan,nan,nan,nan,nan
8,Githurai,restaurant,1,0,bbox,216392,0,58.1901,,,,,,nan,nan,nan,nan,nan
8,Githurai,hairdresser,1,0,bbox,216392,0,9.6002,,,,,,nan,nan,nan,nan,nan
8,Githurai,clothes,1,0,bbox,216392,0,4.2382,,,,,,nan,nan,nan,nan,nan
8,Githurai,hardware,1,0,bbox,216392,0,4.0944,,,,,,nan,nan,nan,nan,nan
8,Githurai,salon,2,0,bbox,216392,0,2.0582,,,,,,nan,nan,nan,nan,nan
8,Githurai,greengrocer,2,0,bbox,216392,0,2.4136,,,,,,nan,nan,nan,nan,nan
8,Githurai,kiosk,2,0,bbox,216392,0,26.2064,,,,,,nan,nan,nan,nan,nan
8,Githurai,fast_food,2,0,bbox,216392,0,9.3154,,,,,,nan,nan,nan,nan,nan
8,Githurai,laundry,2,0,bbox,216392,0,1.2523,,,,,,nan,nan,nan,nan,nan
8,Githurai,motorcycle_taxi,2,1,bbox,216392,0,0.0,,,,,,nan,nan,nan,nan,nan
9,Kariobangi North,supermarket,1,0,bbox,154483,10,15.1195,,,,,,nan,nan,nan,nan,nan
9,Kariobangi North,pharmacy,1,0,bbox,154483,19,34.7488,,,,,,nan,nan,nan,nan,nan
9,Kariobangi North,restaurant,1,0,bbox,154483,10,53.3972,,,,,,nan,nan,nan,nan,nan
9,Kariobangi North,hairdresser,1,0,bbox,154483,9,8.8095,,,,,,nan,nan,nan,nan,nan
9,Kariobangi North,clothes,1,0,bbox,154483,9,3.8891,,,,,,nan,nan,nan,nan,nan
9,Kariobangi North,hardware,1,0,bbox,154483,1,3.7571,,,,,,nan,nan,nan,nan,nan
9,Kariobangi North,salon,2,0,bbox,154483,0,1.8887,,,,,,nan,nan,nan,nan,nan
9,Kariobangi North,greengrocer,2,0,bbox,154483,2,2.2148,,,,,,nan,nan,nan,nan,nan
9,Kariobangi North,kiosk,2,0,bbox,154483,10,24.0478,,,,,,nan,nan,nan,nan,nan
9,Kariobangi North,fast_food,2,0,bbox,154483,4,8.5481,,,,,,nan,nan,nan,nan,nan
9,Kariobangi North,laundry,2,0,bbox,154483,0,1.1491,,,,,,nan,nan,nan,nan,nan
9,Kariobangi North,motorcycle_taxi,2,1,bbox,154483,0,0.0,,,,,,nan,nan,nan,nan,nan
10,Kasarani,supermarket,1,0,area,198918,51,9.115,,,,,,nan,nan,nan,nan,nan
10,Kasarani,pharmacy,1,0,area,198918,46,20.9489,,,,,,nan,nan,nan,nan,nan
10,Kasarani,restaurant,1,0,area,198918,112,32.1913,,,,,,nan,nan,nan,nan,nan
10,Kasarani,hairdresser,1,0,area,198918,12,5.3109,,,,,,nan,nan,nan,nan,nan
10,Kasarani,clothes,1,0,area,198918,9,2.3446,,,,,,nan,nan,nan,nan,nan
10,Kasarani,hardware,1,0,area,198918,4,2.265,,,,,,nan,nan,nan,nan,nan
10,Kasarani,salon,2,0,area,198918,2,1.1386,,,,,,nan,nan,nan,nan,nan
10,Kasarani,greengrocer,2,0,area,198918,4,1.3352,,,,,,nan,nan,nan,nan,nan
10,Kasarani,kiosk,2,0,area,198918,15,14.4976,,,,,,nan,nan,nan,nan,nan
10,Kasarani,fast_food,2,0,area,198918,16,5.1534,,,,,,nan,nan,nan,nan,nan
10,Kasarani,laundry,2,0,area,198918,0,0.6928,,,,,,nan,nan,nan,nan,nan
10,Kasarani,motorcycle_taxi,2,1,area,198918,0,0.0,,,,,,nan,nan,nan,nan,nan
11,Roysambu,supermarket,1,0,bbox,210863,23,16.3581,,,,,,nan,nan,nan,nan,nan
11,Roysambu,pharmacy,1,0,bbox,210863,4,37.5955,,,,,,nan,nan,nan,nan,nan
11,Roysambu,restaurant,1,0,bbox,210863,58,57.7715,,,,,,nan,nan,nan,nan,nan
11,Roysambu,hairdresser,1,0,bbox,210863,1,9.5312,,,,,,nan,nan,nan,nan,nan
11,Roysambu,clothes,1,0,bbox,210863,0,4.2077,,,,,,nan,nan,nan,nan,nan
11,Roysambu,hardware,1,0,bbox,210863,1,4.0649,,,,,,nan,nan,nan,nan,nan
11,Roysambu,salon,2,0,bbox,210863,0,2.0434,,,,,,nan,nan,nan,nan,nan
11,Roysambu,greengrocer,2,0,bbox,210863,0,2.3962,,,,,,nan,nan,nan,nan,nan
11,Roysambu,kiosk,2,0,bbox,210863,1,26.0179,,,,,,nan,nan,nan,nan,nan
11,Roysambu,fast_food,2,0,bbox,210863,7,9.2484,,,,,,nan,nan,nan,nan,nan
11,Roysambu,laundry,2,0,bbox,210863,0,1.2433,,,,,,nan,nan,nan,nan,nan
11,Roysambu,motorcycle_taxi,2,1,bbox,210863,0,0.0,,,,,,nan,nan,nan,nan,nan
12,Kibera,supermarket,1,0,bbox,120057,23,14.0008,,,,,,nan,nan,nan,nan,nan
12,Kibera,pharmacy,1,0,bbox,120057,120,32.1777,,,,,,nan,nan,nan,nan,nan
12,Kibera,restaurant,1,0,bbox,120057,158,49.4462,,,,,,nan,nan,nan,nan,nan
12,Kibera,hairdresser,1,0,bbox,120057,46,8.1577,,,,,,nan,nan,nan,nan,nan
12,Kibera,clothes,1,0,bbox,120057,3,3.6013,,,,,,nan,nan,nan,nan,nan
12,Kibera,hardware,1,0,bbox,120057,10,3.4791,,,,,,nan,nan,nan,nan,nan
12,Kibera,salon,2,0,bbox,120057,6,1.7489,,,,,,nan,nan,nan,nan,nan
12,Kibera,greengrocer,2,0,bbox,120057,13,2.0509,,,,,,nan,nan,nan,nan,nan
12,Kibera,kiosk,2,0,bbox,120057,232,22.2685,,,,,,nan,nan,nan,nan,nan
12,Kibera,fast_food,2,0,bbox,120057,16,7.9156,,,,,,nan,nan,nan,nan,nan
12,Kibera,laundry,2,0,bbox,120057,8,1.0641,,,,,,nan,nan,nan,nan,nan
12,Kibera,motorcycle_taxi,2,1,bbox,120057,0,0.0,,,,,,nan,nan,nan,nan,nan
13,Laini Saba,supermarket,1,0,bbox,29605,4,8.6192,,,,,,nan,nan,nan,nan,nan
13,Laini Saba,pharmacy,1,0,bbox,29605,7,19.8093,,,,,,nan,nan,nan,nan,nan
13,Laini Saba,restaurant,1,0,bbox,29605,1,30.4402,,,,,,nan,nan,nan,nan,nan
13,Laini Saba,hairdresser,1,0,bbox,29605,7,5.022,,,,,,nan,nan,nan,nan,nan
13,Laini Saba,clothes,1,0,bbox,29605,0,2.2171,,,,,,nan,nan,nan,nan,nan
13,Laini Saba,hardware,1,0,bbox,29605,1,2.1418,,,,,,nan,nan,nan,nan,nan
13,Laini Saba,salon,2,0,bbox,29605,0,1.0767,,,,,,nan,nan,nan,nan,nan
13,Laini Saba,greengrocer,2,0,bbox,29605,0,1.2626,,,,,,nan,nan,nan,nan,nan
13,Laini Saba,kiosk,2,0,bbox,29605,9,13.709,,,,,,nan,nan,nan,nan,nan
13,Laini Saba,fast_food,2,0,bbox,29605,1,4.873,,,,,,nan,nan,nan,nan,nan
13,Laini Saba,laundry,2,0,bbox,29605,0,0.6551,,,,,,nan,nan,nan,nan,nan
13,Laini Saba,motorcycle_taxi,2,1,bbox,29605,0,0.0,,,,,,nan,nan,nan,nan,nan
14,Woodley,supermarket,1,0,area,36115,1,5.2288,,,,,,nan,nan,nan,nan,nan
14,Woodley,pharmacy,1,0,area,36115,1,12.0173,,,,,,nan,nan,nan,nan,nan
14,Woodley,restaurant,1,0,area,36115,2,18.4665,,,,,,nan,nan,nan,nan,nan
14,Woodley,hairdresser,1,0,area,36115,4,3.0466,,,,,,nan,nan,nan,nan,nan
14,Woodley,clothes,1,0,area,36115,0,1.345,,,,,,nan,nan,nan,nan,nan
14,Woodley,hardware,1,0,area,36115,1,1.2993,,,,,,nan,nan,nan,nan,nan
14,Woodley,salon,2,0,area,36115,0,0.6532,,,,,,nan,nan,nan,nan,nan
14,Woodley,greengrocer,2,0,area,36115,0,0.7659,,,,,,nan,nan,nan,nan,nan
14,Woodley,kiosk,2,0,area,36115,0,8.3165,,,,,,nan,nan,nan,nan,nan
14,Woodley,fast_food,2,0,area,36115,5,2.9562,,,,,,nan,nan,nan,nan,nan
14,Woodley,laundry,2,0,area,36115,0,0.3974,,,,,,nan,nan,nan,nan,nan
14,Woodley,motorcycle_taxi,2,1,area,36115,0,0.0,,,,,,nan,nan,nan,nan,nan
15,Karen,supermarket,1,0,bbox,35190,6,9.1973,,,,,,nan,nan,nan,nan,nan
15,Karen,pharmacy,1,0,bbox,35190,2,21.138,,,,,,nan,nan,nan,nan,nan
15,Karen,restaurant,1,0,bbox,35190,46,32.4819,,,,,,nan,nan,nan,nan,nan
15,Karen,hairdresser,1,0,bbox,35190,0,5.3589,,,,,,nan,nan,nan,nan,nan
15,Karen,clothes,1,0,bbox,35190,1,2.3658,,,,,,nan,nan,nan,nan,nan
15,Karen,hardware,1,0,bbox,35190,1,2.2855,,,,,,nan,nan,nan,nan,nan
15,Karen,salon,2,0,bbox,35190,2,1.1489,,,,,,nan,nan,nan,nan,nan
15,Karen,greengrocer,2,0,bbox,35190,2,1.3473,,,,,,nan,nan,nan,nan,nan
15,Karen,kiosk,2,0,bbox,35190,0,14.6285,,,,,,nan,nan,nan,nan,nan
15,Karen,fast_food,2,0,bbox,35190,4,5.1999,,,,,,nan,nan,nan,nan,nan
15,Karen,laundry,2,0,bbox,35190,0,0.699,,,,,,nan,nan,nan,nan,nan
15,Karen,motorcycle_taxi,2,1,bbox,35190,0,0.0,,,,,,nan,nan,nan,nan,nan
16,Nairobi West,supermarket,1,0,bbox,162299,12,15.4294,,,,,,nan,nan,nan,nan,nan
16,Nairobi West,pharmacy,1,0,bbox,162299,29,35.4612,,,,,,nan,nan,nan,nan,nan
16,Nairobi West,restaurant,1,0,bbox,162299,68,54.4918,,,,,,nan,nan,nan,nan,nan
16,Nairobi West,hairdresser,1,0,bbox,162299,2,8.9901,,,,,,nan,nan,nan,nan,nan
16,Nairobi West,clothes,1,0,bbox,162299,8,3.9688,,,,,,nan,nan,nan,nan,nan
16,Nairobi West,hardware,1,0,bbox,162299,5,3.8341,,,,,,nan,nan,nan,nan,nan
16,Nairobi West,salon,2,0,bbox,162299,0,1.9274,,,,,,nan,nan,nan,nan,nan
16,Nairobi West,greengrocer,2,0,bbox,162299,2,2.2602,,,,,,nan,nan,nan,nan,nan
16,Nairobi West,kiosk,2,0,bbox,162299,5,24.5408,,,,,,nan,nan,nan,nan,nan
16,Nairobi West,fast_food,2,0,bbox,162299,10,8.7233,,,,,,nan,nan,nan,nan,nan
16,Nairobi West,laundry,2,0,bbox,162299,1,1.1727,,,,,,nan,nan,nan,nan,nan
16,Nairobi West,motorcycle_taxi,2,1,bbox,162299,0,0.0,,,,,,nan,nan,nan,nan,nan
17,Bahati,supermarket,1,0,area,29993,0,4.8653,,,,,,nan,nan,nan,nan,nan
17,Bahati,pharmacy,1,0,area,29993,0,11.1819,,,,,,nan,nan,nan,nan,nan
17,Bahati,restaurant,1,0,area,29993,0,17.1827,,,,,,nan,nan,nan,nan,nan
17,Bahati,hairdresser,1,0,area,29993,0,2.8348,,,,,,nan,nan,nan,nan,nan
17,Bahati,clothes,1,0,area,29993,0,1.2515,,,,,,nan,nan,nan,nan,nan
17,Bahati,hardware,1,0,area,29993,0,1.209,,,,,,nan,nan,nan,nan,nan
17,Bahati,salon,2,0,area,29993,0,0.6078,,,,,,nan,nan,nan,nan,nan
17,Bahati,greengrocer,2,0,area,29993,0,0.7127,,,,,,nan,nan,nan,nan,nan
17,Bahati,kiosk,2,0,area,29993,0,7.7384,,,,,,nan,nan,nan,nan,nan
17,Bahati,fast_food,2,0,area,29993,0,2.7507,,,,,,nan,nan,nan,nan,nan
17,Bahati,laundry,2,0,area,29993,0,0.3698,,,,,,nan,nan,nan,nan,nan
17,Bahati,motorcycle_taxi,2,1,area,29993,0,0.0,,,,,,nan,nan,nan,nan,nan
18,Makadara,supermarket,1,0,area,116473,0,7.7612,,,,,,nan,nan,nan,nan,nan
18,Makadara,pharmacy,1,0,area,116473,1,17.8374,,,,,,nan,nan,nan,nan,nan
18,Makadara,restaurant,1,0,area,116473,0,27.41,,,,,,nan,nan,nan,nan,nan
18,Makadara,hairdresser,1,0,area,116473,1,4.5221,,,,,,nan,nan,nan,nan,nan
18,Makadara,clothes,1,0,area,116473,1,1.9964,,,,,,nan,nan,nan,nan,nan
18,Makadara,hardware,1,0,area,116473,1,1.9286,,,,,,nan,nan,nan,nan,nan
18,Makadara,salon,2,0,area,116473,1,0.9695,,,,,,nan,nan,nan,nan,nan
18,Makadara,greengrocer,2,0,area,116473,0,1.1369,,,,,,nan,nan,nan,nan,nan
18,Makadara,kiosk,2,0,area,116473,6,12.3443,,,,,,nan,nan,nan,nan,nan
18,Makadara,fast_food,2,0,area,116473,0,4.3879,,,,,,nan,nan,nan,nan,nan
18,Makadara,laundry,2,0,area,116473,1,0.5899,,,,,,nan,nan,nan,nan,nan
18,Makadara,motorcycle_taxi,2,1,area,116473,0,0.0,,,,,,nan,nan,nan,nan,nan
19,Viwandani,supermarket,1,0,bbox,43070,1,9.8267,,,,,,nan,nan,nan,nan,nan
19,Viwandani,pharmacy,1,0,bbox,43070,59,22.5844,,,,,,nan,nan,nan,nan,nan
19,Viwandani,restaurant,1,0,bbox,43070,5,34.7046,,,,,,nan,nan,nan,nan,nan
19,Viwandani,hairdresser,1,0,bbox,43070,9,5.7256,,,,,,nan,nan,nan,nan,nan
19,Viwandani,clothes,1,0,bbox,43070,1,2.5277,,,,,,nan,nan,nan,nan,nan
19,Viwandani,hardware,1,0,bbox,43070,11,2.4419,,,,,,nan,nan,nan,nan,nan
19,Viwandani,salon,2,0,bbox,43070,0,1.2275,,,,,,nan,nan,nan,nan,nan
19,Viwandani,greengrocer,2,0,bbox,43070,1,1.4395,,,,,,nan,nan,nan,nan,nan
19,Viwandani,kiosk,2,0,bbox,43070,12,15.6295,,,,,,nan,nan,nan,nan,nan
19,Viwandani,fast_food,2,0,bbox,43070,3,5.5557,,,,,,nan,nan,nan,nan,nan
19,Viwandani,laundry,2,0,bbox,43070,2,0.7469,,,,,,nan,nan,nan,nan,nan
19,Viwandani,motorcycle_taxi,2,1,bbox,43070,0,0.0,,,,,,nan,nan,nan,nan,nan
20,Huruma,supermarket,1,0,bbox,113038,8,13.6928,,,,,,nan,nan,nan,nan,nan
20,Huruma,pharmacy,1,0,bbox,113038,18,31.47,,,,,,nan,nan,nan,nan,nan
20,Huruma,restaurant,1,0,bbox,113038,4,48.3587,,,,,,nan,nan,nan,nan,nan
20,Huruma,hairdresser,1,0,bbox,113038,1,7.9783,,,,,,nan,nan,nan,nan,nan
20,Huruma,clothes,1,0,bbox,113038,0,3.5221,,,,,,nan,nan,nan,nan,nan
20,Huruma,hardware,1,0,bbox,113038,1,3.4026,,,,,,nan,nan,nan,nan,nan
20,Huruma,salon,2,0,bbox,113038,0,1.7104,,,,,,nan,nan,nan,nan,nan
20,Huruma,greengrocer,2,0,bbox,113038,0,2.0058,,,,,,nan,nan,nan,nan,nan
20,Huruma,kiosk,2,0,bbox,113038,3,21.7787,,,,,,nan,nan,nan,nan,nan
20,Huruma,fast_food,2,0,bbox,113038,0,7.7415,,,,,,nan,nan,nan,nan,nan
20,Huruma,laundry,2,0,bbox,113038,0,1.0407,,,,,,nan,nan,nan,nan,nan
20,Huruma,motorcycle_taxi,2,1,bbox,113038,0,0.0,,,,,,nan,nan,nan,nan,nan
21,Mathare,supermarket,1,0,area,93526,14,7.1968,,,,,,nan,nan,nan,nan,nan
21,Mathare,pharmacy,1,0,area,93526,74,16.5402,,,,,,nan,nan,nan,nan,nan
21,Mathare,restaurant,1,0,area,93526,11,25.4168,,,,,,nan,nan,nan,nan,nan
21,Mathare,hairdresser,1,0,area,93526,6,4.1933,,,,,,nan,nan,nan,nan,nan
21,Mathare,clothes,1,0,area,93526,7,1.8512,,,,,,nan,nan,nan,nan,nan
21,Mathare,hardware,1,0,area,93526,3,1.7884,,,,,,nan,nan,nan,nan,nan
21,Mathare,salon,2,0,area,93526,0,0.899,,,,,,nan,nan,nan,nan,nan
21,Mathare,greengrocer,2,0,area,93526,1,1.0542,,,,,,nan,nan,nan,nan,nan
21,Mathare,kiosk,2,0,area,93526,21,11.4466,,,,,,nan,nan,nan,nan,nan
21,Mathare,fast_food,2,0,area,93526,0,4.0689,,,,,,nan,nan,nan,nan,nan
21,Mathare,laundry,2,0,area,93526,0,0.547,,,,,,nan,nan,nan,nan,nan
21,Mathare,motorcycle_taxi,2,1,area,93526,0,0.0,,,,,,nan,nan,nan,nan,nan
22,Dandora,supermarket,1,0,bbox,295670,7,17.8595,,,,,,nan,nan,nan,nan,nan
22,Dandora,pharmacy,1,0,bbox,295670,16,41.0461,,,,,,nan,nan,nan,nan,nan
22,Dandora,restaurant,1,0,bbox,295670,10,63.074,,,,,,nan,nan,nan,nan,nan
22,Dandora,hairdresser,1,0,bbox,295670,6,10.406,,,,,,nan,nan,nan,nan,nan
22,Dandora,clothes,1,0,bbox,295670,7,4.5939,,,,,,nan,nan,nan,nan,nan
22,Dandora,hardware,1,0,bbox,295670,4,4.438,,,,,,nan,nan,nan,nan,nan
22,Dandora,salon,2,0,bbox,295670,0,2.2309,,,,,,nan,nan,nan,nan,nan
22,Dandora,greengrocer,2,0,bbox,295670,0,2.6162,,,,,,nan,nan,nan,nan,nan
22,Dandora,kiosk,2,0,bbox,295670,7,28.4059,,,,,,nan,nan,nan,nan,nan
22,Dandora,fast_food,2,0,bbox,295670,0,10.0972,,,,,,nan,nan,nan,nan,nan
22,Dandora,laundry,2,0,bbox,295670,0,1.3574,,,,,,nan,nan,nan,nan,nan
22,Dandora,motorcycle_taxi,2,1,bbox,295670,0,0.0,,,,,,nan,nan,nan,nan,nan
23,Njiru,supermarket,1,0,area,225327,11,9.4951,,,,,,nan,nan,nan,nan,nan
23,Njiru,pharmacy,1,0,area,225327,3,21.8224,,,,,,nan,nan,nan,nan,nan
23,Njiru,restaurant,1,0,area,225327,17,33.5336,,,,,,nan,nan,nan,nan,nan
23,Njiru,hairdresser,1,0,area,225327,2,5.5324,,,,,,nan,nan,nan,nan,nan
23,Njiru,clothes,1,0,area,225327,2,2.4424,,,,,,nan,nan,nan,nan,nan
23,Njiru,hardware,1,0,area,225327,3,2.3595,,,,,,nan,nan,nan,nan,nan
23,Njiru,salon,2,0,area,225327,1,1.1861,,,,,,nan,nan,nan,nan,nan
23,Njiru,greengrocer,2,0,area,225327,0,1.3909,,,,,,nan,nan,nan,nan,nan
23,Njiru,kiosk,2,0,area,225327,0,15.1021,,,,,,nan,nan,nan,nan,nan
23,Njiru,fast_food,2,0,area,225327,1,5.3682,,,,,,nan,nan,nan,nan,nan
23,Njiru,laundry,2,0,area,225327,0,0.7217,,,,,,nan,nan,nan,nan,nan
23,Njiru,motorcycle_taxi,2,1,area,225327,0,0.0,,,,,,nan,nan,nan,nan,nan
24,Ruai,supermarket,1,0,bbox,105485,4,13.4775,,,,,,nan,nan,nan,nan,nan
24,Ruai,pharmacy,1,0,bbox,105485,0,30.975,,,,,,nan,nan,nan,nan,nan
24,Ruai,restaurant,1,0,bbox,105485,7,47.5981,,,,,,nan,nan,nan,nan,nan
24,Ruai,hairdresser,1,0,bbox,105485,1,7.8528,,,,,,nan,nan,nan,nan,nan
24,Ruai,clothes,1,0,bbox,105485,0,3.4667,,,,,,nan,nan,nan,nan,nan
24,Ruai,hardware,1,0,bbox,105485,0,3.3491,,,,,,nan,nan,nan,nan,nan
24,Ruai,salon,2,0,bbox,105485,0,1.6835,,,,,,nan,nan,nan,nan,nan
24,Ruai,greengrocer,2,0,bbox,105485,0,1.9743,,,,,,nan,nan,nan,nan,nan
24,Ruai,kiosk,2,0,bbox,105485,0,21.4362,,,,,,nan,nan,nan,nan,nan
24,Ruai,fast_food,2,0,bbox,105485,0,7.6198,,,,,,nan,nan,nan,nan,nan
24,Ruai,laundry,2,0,bbox,105485,0,1.0243,,,,,,nan,nan,nan,nan,nan
24,Ruai,motorcycle_taxi,2,1,bbox,105485,0,0.0,,,,,,nan,nan,nan,nan,nan
25,CBD,supermarket,1,0,bbox,53110,20,10.6305,,,,,,nan,nan,nan,nan,nan
25,CBD,pharmacy,1,0,bbox,53110,8,24.4319,,,,,,nan,nan,nan,nan,nan
25,CBD,restaurant,1,0,bbox,53110,94,37.5435,,,,,,nan,nan,nan,nan,nan
25,CBD,hairdresser,1,0,bbox,53110,3,6.194,,,,,,nan,nan,nan,nan,nan
25,CBD,clothes,1,0,bbox,53110,7,2.7344,,,,,,nan,nan,nan,nan,nan
25,CBD,hardware,1,0,bbox,53110,1,2.6416,,,,,,nan,nan,nan,nan,nan
25,CBD,salon,2,0,bbox,53110,2,1.3279,,,,,,nan,nan,nan,nan,nan
25,CBD,greengrocer,2,0,bbox,53110,0,1.5572,,,,,,nan,nan,nan,nan,nan
25,CBD,kiosk,2,0,bbox,53110,3,16.908,,,,,,nan,nan,nan,nan,nan
25,CBD,fast_food,2,0,bbox,53110,14,6.0102,,,,,,nan,nan,nan,nan,nan
25,CBD,laundry,2,0,bbox,53110,0,0.808,,,,,,nan,nan,nan,nan,nan
25,CBD,motorcycle_taxi,2,1,bbox,53110,0,0.0,,,,,,nan,nan,nan,nan,nan
26,Central,supermarket,1,0,bbox,54872,18,10.8427,,,,,,nan,nan,nan,nan,nan
26,Central,pharmacy,1,0,bbox,54872,7,24.9196,,,,,,nan,nan,nan,nan,nan
26,Central,restaurant,1,0,bbox,54872,91,38.293,,,,,,nan,nan,nan,nan,nan
26,Central,hairdresser,1,0,bbox,54872,2,6.3176,,,,,,nan,nan,nan,nan,nan
26,Central,clothes,1,0,bbox,54872,7,2.789,,,,,,nan,nan,nan,nan,nan
26,Central,hardware,1,0,bbox,54872,0,2.6944,,,,,,nan,nan,nan,nan,nan
26,Central,salon,2,0,bbox,54872,2,1.3544,,,,,,nan,nan,nan,nan,nan
26,Central,greengrocer,2,0,bbox,54872,0,1.5883,,,,,,nan,nan,nan,nan,nan
26,Central,kiosk,2,0,bbox,54872,0,17.2456,,,,,,nan,nan,nan,nan,nan
26,Central,fast_food,2,0,bbox,54872,14,6.1302,,,,,,nan,nan,nan,nan,nan
26,Central,laundry,2,0,bbox,54872,0,0.8241,,,,,,nan,nan,nan,nan,nan
26,Central,motorcycle_taxi,2,1,bbox,54872,0,0.0,,,,,,nan,nan,nan,nan,nan
27,South B,supermarket,1,0,bbox,102441,10,13.251,,,,,,nan,nan,nan,nan,nan
27,South B,pharmacy,1,0,bbox,102441,44,30.4544,,,,,,nan,nan,nan,nan,nan
27,South B,restaurant,1,0,bbox,102441,46,46.7981,,,,,,nan,nan,nan,nan,nan
27,South B,hairdresser,1,0,bbox,102441,4,7.7208,,,,,,nan,nan,nan,nan,nan
27,South B,clothes,1,0,bbox,102441,8,3.4085,,,,,,nan,nan,nan,nan,nan
27,South B,hardware,1,0,bbox,102441,5,3.2928,,,,,,nan,nan,nan,nan,nan
27,South B,salon,2,0,bbox,102441,0,1.6552,,,,,,nan,nan,nan,nan,nan
27,South B,greengrocer,2,0,bbox,102441,1,1.9411,,,,,,nan,nan,nan,nan,nan
27,South B,kiosk,2,0,bbox,102441,9,21.0759,,,,,,nan,nan,nan,nan,nan
27,South B,fast_food,2,0,bbox,102441,12,7.4917,,,,,,nan,nan,nan,nan,nan
27,South B,laundry,2,0,bbox,102441,3,1.0071,,,,,,nan,nan,nan,nan,nan
27,South B,motorcycle_taxi,2,1,bbox,102441,0,0.0,,,,,,nan,nan,nan,nan,nan
28,Highridge,supermarket,1,0,bbox,75515,20,12.0324,,,,,,nan,nan,nan,nan,nan
28,Highridge,pharmacy,1,0,bbox,75515,13,27.6539,,,,,,nan,nan,nan,nan,nan
28,Highridge,restaurant,1,0,bbox,75515,151,42.4946,,,,,,nan,nan,nan,nan,nan
28,Highridge,hairdresser,1,0,bbox,75515,3,7.0108,,,,,,nan,nan,nan,nan,nan
28,Highridge,clothes,1,0,bbox,75515,3,3.095,,,,,,nan,nan,nan,nan,nan
28,Highridge,hardware,1,0,bbox,75515,1,2.99,,,,,,nan,nan,nan,nan,nan
28,Highridge,salon,2,0,bbox,75515,2,1.503,,,,,,nan,nan,nan,nan,nan
28,Highridge,greengrocer,2,0,bbox,75515,7,1.7626,,,,,,nan,nan,nan,nan,nan
28,Highridge,kiosk,2,0,bbox,75515,3,19.1378,,,,,,nan,nan,nan,nan,nan
28,Highridge,fast_food,2,0,bbox,75515,18,6.8028,,,,,,nan,nan,nan,nan,nan
28,Highridge,laundry,2,0,bbox,75515,1,0.9145,,,,,,nan,nan,nan,nan,nan
28,Highridge,motorcycle_taxi,2,1,bbox,75515,0,0.0,,,,,,nan,nan,nan,nan,nan
29,Kangemi,supermarket,1,0,bbox,150369,7,14.8856,,,,,,nan,nan,nan,nan,nan
29,Kangemi,pharmacy,1,0,bbox,150369,44,34.2114,,,,,,nan,nan,nan,nan,nan
29,Kangemi,restaurant,1,0,bbox,150369,24,52.5713,,,,,,nan,nan,nan,nan,nan
29,Kangemi,hairdresser,1,0,bbox,150369,0,8.6732,,,,,,nan,nan,nan,nan,nan
29,Kangemi,clothes,1,0,bbox,150369,0,3.829,,,,,,nan,nan,nan,nan,nan
29,Kangemi,hardware,1,0,bbox,150369,2,3.699,,,,,,nan,nan,nan,nan,nan
29,Kangemi,salon,2,0,bbox,150369,0,1.8594,,,,,,nan,nan,nan,nan,nan
29,Kangemi,greengrocer,2,0,bbox,150369,2,2.1805,,,,,,nan,nan,nan,nan,nan
29,Kangemi,kiosk,2,0,bbox,150369,0,23.6759,,,,,,nan,nan,nan,nan,nan
29,Kangemi,fast_food,2,0,bbox,150369,4,8.4159,,,,,,nan,nan,nan,nan,nan
29,Kangemi,laundry,2,0,bbox,150369,0,1.1314,,,,,,nan,nan,nan,nan,nan
29,Kangemi,motorcycle_taxi,2,1,bbox,150369,0,0.0,,,,,,nan,nan,nan,nan,nan
30,Kilimani,supermarket,1,0,bbox,82970,24,12.4458,,,,,,nan,nan,nan,nan,nan
30,Kilimani,pharmacy,1,0,bbox,82970,111,28.6039,,,,,,nan,nan,nan,nan,nan
30,Kilimani,restaurant,1,0,bbox,82970,215,43.9545,,,,,,nan,nan,nan,nan,nan
30,Kilimani,hairdresser,1,0,bbox,82970,42,7.2516,,,,,,nan,nan,nan,nan,nan
30,Kilimani,clothes,1,0,bbox,82970,5,3.2014,,,,,,nan,nan,nan,nan,nan
30,Kilimani,hardware,1,0,bbox,82970,11,3.0927,,,,,,nan,nan,nan,nan,nan
30,Kilimani,salon,2,0,bbox,82970,7,1.5547,,,,,,nan,nan,nan,nan,nan
30,Kilimani,greengrocer,2,0,bbox,82970,12,1.8231,,,,,,nan,nan,nan,nan,nan
30,Kilimani,kiosk,2,0,bbox,82970,210,19.7952,,,,,,nan,nan,nan,nan,nan
30,Kilimani,fast_food,2,0,bbox,82970,19,7.0365,,,,,,nan,nan,nan,nan,nan
30,Kilimani,laundry,2,0,bbox,82970,7,0.9459,,,,,,nan,nan,nan,nan,nan
30,Kilimani,motorcycle_taxi,2,1,bbox,82970,0,0.0,,,,,,nan,nan,nan,nan,nan
