location_id,location_name,category,tier,financing_confound_flag,geo_method,rank,score,n_gap,n_log_pop,n_competitors,n_viirs,gap_term,pop_term,comp_term,viirs_term,tier2_penalty,bbox_penalty,predicted_count,business_count,gap,competitors_500m,competitors_100m,population,log_pop,viirs_mean
1,Kawangware,hairdresser,1,0,bbox,1,1.0487116914401236,0.8021949584679198,1.2372284796055584,nan,nan,0.8210701339612825,0.527641557478841,-0.0,0.0,0.0,0.3,10.2848,1,9.2848,nan,nan,291565,12.583018244477929,nan
1,Kawangware,hardware,1,0,bbox,2,0.9023457829636945,0.6591937835196844,1.2372284796055584,nan,nan,0.6747042254848534,0.527641557478841,-0.0,0.0,0.0,0.3,4.3863,2,2.3863000000000003,nan,nan,291565,12.583018244477929,nan
1,Kawangware,salon,2,0,bbox,3,0.7883591970597379,0.9386321766020257,1.2372284796055584,nan,nan,0.9607176395808968,0.527641557478841,-0.0,0.0,0.4,0.3,2.2049,0,2.2049,nan,nan,291565,12.583018244477929,nan
1,Kawangware,restaurant,1,0,bbox,4,0.7541645510100359,0.5144190166684088,1.2372284796055584,nan,nan,0.5265229935311949,0.527641557478841,-0.0,0.0,0.0,0.3,62.3394,34,28.339399999999998,nan,nan,291565,12.583018244477929,nan
1,Kawangware,laundry,2,0,bbox,5,0.5174866951286845,0.6739866287383528,1.2372284796055584,nan,nan,0.6898451376498433,0.527641557478841,-0.0,0.0,0.4,0.3,1.3416,0,1.3416,nan,nan,291565,12.583018244477929,nan
1,Kawangware,supermarket,1,0,bbox,6,0.42977057963062243,0.1974823779643841,1.2372284796055584,nan,nan,0.20212902215178136,0.527641557478841,-0.0,0.0,0.0,0.3,17.6515,15,2.6514999999999986,nan,nan,291565,12.583018244477929,nan
1,Kawangware,clothes,1,0,bbox,7,0.3843099723114663,0.15306684207785232,1.2372284796055584,nan,nan,0.1566684148326253,0.527641557478841,-0.0,0.0,0.0,0.3,4.5404,4,0.5404,nan,nan,291565,12.583018244477929,nan
1,Kawangware,kiosk,2,0,bbox,8,0.3601118951190478,0.5202296402231907,1.2372284796055584,nan,nan,0.5324703376402069,0.527641557478841,-0.0,0.0,0.4,0.3,28.0751,0,28.0751,nan,nan,291565,12.583018244477929,nan
1,Kawangware,fast_food,2,0,bbox,9,0.08039913096062773,0.2469470545511709,1.2372284796055584,nan,nan,0.2527575734817867,0.527641557478841,-0.0,0.0,0.4,0.3,9.9796,8,1.9795999999999996,nan,nan,291565,12.583018244477929,nan
1,Kawangware,motorcycle_taxi,2,1,bbox,10,-0.172358442521159,0.0,1.2372284796055584,nan,nan,0.0,0.527641557478841,-0.0,0.0,0.4,0.3,0.0,0,0.0,nan,nan,291565,12.583018244477929,nan
1,Kawangware,greengrocer,2,0,bbox,11,-0.29328518828235517,-0.1181468205712836,1.2372284796055584,nan,nan,-0.12092674576119615,0.527641557478841,-0.0,0.0,0.4,0.3,2.5857,3,-0.4142999999999999,nan,nan,291565,12.583018244477929,nan
1,Kawangware,pharmacy,1,0,bbox,12,-0.963910033579281,-1.1641596004590848,1.2372284796055584,nan,nan,-1.191551591058122,0.527641557478841,-0.0,0.0,0.0,0.3,40.5681,79,-38.4319,nan,nan,291565,12.583018244477929,nan
2,Waithaka,supermarket,1,0,bbox,1,0.8471171954706551,0.9921088489820424,0.30873080699497957,nan,nan,1.0154525866051491,0.131664608865506,-0.0,0.0,0.0,0.3,14.7037,3,11.7037,nan,nan,142643,11.868100284284445,nan
2,Waithaka,restaurant,1,0,bbox,2,0.665489253668869,0.8146562621642054,0.30873080699497957,nan,nan,0.833824644803363,0.131664608865506,-0.0,0.0,0.0,0.3,51.9287,7,44.9287,nan,nan,142643,11.868100284284445,nan
2,Waithaka,pharmacy,1,0,bbox,3,0.6392812647593606,0.7890507557583637,0.30873080699497957,nan,nan,0.8076166558938546,0.131664608865506,-0.0,0.0,0.0,0.3,33.7932,7,26.7932,nan,nan,142643,11.868100284284445,nan
2,Waithaka,hardware,1,0,bbox,4,0.5858638573350659,0.736861334711639,0.30873080699497957,nan,nan,0.7541992484695598,0.131664608865506,-0.0,0.0,0.0,0.3,3.6538,1,2.6538,nan,nan,142643,11.868100284284445,nan
2,Waithaka,fast_food,2,0,bbox,5,0.49188061861654714,1.035843227917684,0.30873080699497957,nan,nan,1.0602160097510411,0.131664608865506,-0.0,0.0,0.4,0.3,8.313,1,7.313000000000001,nan,nan,142643,11.868100284284445,nan
2,Waithaka,hairdresser,1,0,bbox,6,0.4039655560639314,0.5591446035846686,0.30873080699497957,nan,nan,0.5723009471984254,0.131664608865506,-0.0,0.0,0.0,0.3,8.5672,2,6.5672,nan,nan,142643,11.868100284284445,nan
2,Waithaka,clothes,1,0,bbox,7,0.38739256451837395,0.5429526003505032,0.30873080699497957,nan,nan,0.5557279556528679,0.131664608865506,-0.0,0.0,0.0,0.3,3.7822,2,1.7822,nan,nan,142643,11.868100284284445,nan
2,Waithaka,greengrocer,2,0,bbox,8,0.11488438815735785,0.6675135774690507,0.30873080699497957,nan,nan,0.6832197792918518,0.131664608865506,-0.0,0.0,0.4,0.3,2.1539,0,2.1539,nan,nan,142643,11.868100284284445,nan
2,Waithaka,laundry,2,0,bbox,9,0.006102113095671269,0.5612320443628052,0.30873080699497957,nan,nan,0.5744375042301653,0.131664608865506,-0.0,0.0,0.4,0.3,1.1175,0,1.1175,nan,nan,142643,11.868100284284445,nan
2,Waithaka,kiosk,2,0,bbox,10,-0.12295965819537319,0.43513721034281927,0.30873080699497957,nan,nan,0.44537573293912086,0.131664608865506,-0.0,0.0,0.4,0.3,23.3865,0,23.3865,nan,nan,142643,11.868100284284445,nan
2,Waithaka,motorcycle_taxi,2,1,bbox,11,-0.5683353911344939,0.0,0.30873080699497957,nan,nan,0.0,0.131664608865506,-0.0,0.0,0.4,0.3,0.0,0,0.0,nan,nan,142643,11.868100284284445,nan
2,Waithaka,salon,2,0,bbox,12,-1.5849605010340182,-0.9932544177179261,0.30873080699497957,nan,nan,-1.0166251098995243,0.131664608865506,-0.0,0.0,0.4,0.3,1.8367,4,-2.1633,nan,nan,142643,11.868100284284445,nan
3,Embakasi,clothes,1,0,area,1,0.7693034337763964,-0.09726003428773355,2.0373079959731455,nan,nan,-0.09954850568273904,0.8688519394591355,-0.0,0.0,0.0,0.0,2.7431,3,-0.2568999999999999,nan,nan,539856,13.199057716311913,nan
3,Embakasi,restaurant,1,0,area,2,0.7530169895569216,-0.11317207749066874,2.0373079959731455,nan,nan,-0.11583494990221388,0.8688519394591355,-0.0,0.0,0.0,0.0,37.6625,44,-6.337499999999999,nan,nan,539856,13.199057716311913,nan
3,Embakasi,greengrocer,2,0,area,3,0.653683733420041,0.18058278720318352,2.0373079959731455,nan,nan,0.18483179396090546,0.8688519394591355,-0.0,0.0,0.4,0.0,1.5622,1,0.5622,nan,nan,539856,13.199057716311913,nan
3,Embakasi,motorcycle_taxi,2,1,area,4,0.4688519394591355,0.0,2.0373079959731455,nan,nan,0.0,0.8688519394591355,-0.0,0.0,0.4,0.0,0.0,0,0.0,nan,nan,539856,13.199057716311913,nan
3,Embakasi,kiosk,2,0,area,5,0.3304842856151736,-0.1351867882383535,2.0373079959731455,nan,nan,-0.13836765384396182,0.8688519394591355,-0.0,0.0,0.4,0.0,16.9616,25,-8.0384,nan,nan,539856,13.199057716311913,nan
3,Embakasi,pharmacy,1,0,area,6,0.31915420670204675,-0.5370610032684201,2.0373079959731455,nan,nan,-0.5496977327570888,0.8688519394591355,-0.0,0.0,0.0,0.0,24.5093,42,-17.4907,nan,nan,539856,13.199057716311913,nan
3,Embakasi,hairdresser,1,0,area,7,-0.05585615538139188,-0.9034504374878717,2.0373079959731455,nan,nan,-0.9247080948405274,0.8688519394591355,-0.0,0.0,0.0,0.0,6.2136,16,-9.7864,nan,nan,539856,13.199057716311913,nan
3,Embakasi,fast_food,2,0,area,8,-0.1792606035282287,-0.6332134040681145,2.0373079959731455,nan,nan,-0.6481125429873642,0.8688519394591355,-0.0,0.0,0.4,0.0,6.0292,10,-3.9707999999999997,nan,nan,539856,13.199057716311913,nan
3,Embakasi,salon,2,0,area,9,-0.3235216256181278,-0.7741580808226136,2.0373079959731455,nan,nan,-0.7923735650772633,0.8688519394591355,-0.0,0.0,0.4,0.0,1.3321,3,-1.6679,nan,nan,539856,13.199057716311913,nan
3,Embakasi,laundry,2,0,area,10,-0.659758497938882,-1.1026653698716264,2.0373079959731455,nan,nan,-1.1286104373980175,0.8688519394591355,-0.0,0.0,0.4,0.0,0.8105,3,-2.1895,nan,nan,539856,13.199057716311913,nan
3,Embakasi,supermarket,1,0,area,11,-0.8146894438432449,-1.6448392825368086,2.0373079959731455,nan,nan,-1.6835413833023805,0.8688519394591355,-0.0,0.0,0.0,0.0,10.6642,29,-18.3358,nan,nan,539856,13.199057716311913,nan
3,Embakasi,hardware,1,0,area,12,-1.3498546473401185,-2.1677018376774324,2.0373079959731455,nan,nan,-2.218706586799254,0.8688519394591355,-0.0,0.0,0.0,0.0,2.65,10,-7.35,nan,nan,539856,13.199057716311913,nan
4,Kayole,pharmacy,1,0,bbox,1,1.0859632610998264,1.0880674129951957,0.6384830969076754,nan,nan,1.113668999183318,0.2722942619165086,-0.0,0.0,0.0,0.3,36.7785,0,36.7785,nan,nan,183873,12.12200058089013,nan
4,Kayole,clothes,1,0,bbox,2,0.9567428919197434,0.9618176270146548,0.6384830969076754,nan,nan,0.9844486300032348,0.2722942619165086,-0.0,0.0,0.0,0.3,4.1163,1,3.1163,nan,nan,183873,12.12200058089013,nan
4,Kayole,restaurant,1,0,bbox,3,0.8725722196248029,0.879581912703506,0.6384830969076754,nan,nan,0.9002779577082943,0.2722942619165086,-0.0,0.0,0.0,0.3,56.5161,8,48.5161,nan,nan,183873,12.12200058089013,nan
4,Kayole,supermarket,1,0,bbox,4,0.8349061340553818,0.8427817141586694,0.6384830969076754,nan,nan,0.8626118721388734,0.2722942619165086,-0.0,0.0,0.0,0.3,16.0026,6,10.002600000000001,nan,nan,183873,12.12200058089013,nan
4,Kayole,hardware,1,0,bbox,5,0.8224224577485479,0.8305850189163604,0.6384830969076754,nan,nan,0.8501281958320394,0.2722942619165086,-0.0,0.0,0.0,0.3,3.9766,1,2.9766,nan,nan,183873,12.12200058089013,nan
4,Kayole,hairdresser,1,0,bbox,6,0.7969619190746486,0.8057097799820909,0.6384830969076754,nan,nan,0.82466765715814,0.2722942619165086,-0.0,0.0,0.0,0.3,9.3241,0,9.3241,nan,nan,183873,12.12200058089013,nan
4,Kayole,fast_food,2,0,bbox,7,0.7436959085213652,1.1444728731196876,0.6384830969076754,nan,nan,1.1714016466048567,0.2722942619165086,-0.0,0.0,0.4,0.3,9.0474,1,8.0474,nan,nan,183873,12.12200058089013,nan
4,Kayole,greengrocer,2,0,bbox,8,0.3151001652320326,0.7257299055381556,0.6384830969076754,nan,nan,0.742805903315524,0.2722942619165086,-0.0,0.0,0.4,0.3,2.3442,0,2.3442,nan,nan,183873,12.12200058089013,nan
4,Kayole,laundry,2,0,bbox,9,0.1975605631949659,0.610892363318033,0.6384830969076754,nan,nan,0.6252663012784573,0.2722942619165086,-0.0,0.0,0.4,0.3,1.2162,0,1.2162,nan,nan,183873,12.12200058089013,nan
4,Kayole,kiosk,2,0,bbox,10,0.05604764560690784,0.4726326162492407,0.6384830969076754,nan,nan,0.4837533836903993,0.2722942619165086,-0.0,0.0,0.4,0.3,25.4525,0,25.4525,nan,nan,183873,12.12200058089013,nan
4,Kayole,salon,2,0,bbox,11,-0.012859995759688936,0.40530905859222083,0.6384830969076754,nan,nan,0.41484574232380245,0.2722942619165086,-0.0,0.0,0.4,0.3,1.999,1,0.9990000000000001,nan,nan,183873,12.12200058089013,nan
4,Kayole,motorcycle_taxi,2,1,bbox,12,-0.42770573808349144,0.0,0.6384830969076754,nan,nan,0.0,0.2722942619165086,-0.0,0.0,0.4,0.3,0.0,0,0.0,nan,nan,183873,12.12200058089013,nan
5,Umoja,clothes,1,0,area,1,1.2743050006184005,0.7810347154239057,1.1135422016740482,nan,nan,0.7994120028456446,0.4748929977727558,-0.0,0.0,0.0,0.0,2.5405,0,2.5405,nan,nan,265079,12.487783173748994,nan
5,Umoja,supermarket,1,0,area,2,1.2363268506532237,0.7439296263774686,1.1135422016740482,nan,nan,0.7614338528804678,0.4748929977727558,-0.0,0.0,0.0,0.0,9.8765,1,8.8765,nan,nan,265079,12.487783173748994,nan
5,Umoja,hardware,1,0,area,3,1.1698053038668055,0.6789373105516577,1.1135422016740482,nan,nan,0.6949123060940496,0.4748929977727558,-0.0,0.0,0.0,0.0,2.4543,0,2.4543,nan,nan,265079,12.487783173748994,nan
5,Umoja,pharmacy,1,0,area,4,1.1570212353020426,0.6664471286205675,1.1135422016740482,nan,nan,0.6821282375292868,0.4748929977727558,-0.0,0.0,0.0,0.0,22.699,0,22.699,nan,nan,265079,12.487783173748994,nan
5,Umoja,restaurant,1,0,area,5,1.1225876074340246,0.6328050784046879,1.1135422016740482,nan,nan,0.6476946096612688,0.4748929977727558,-0.0,0.0,0.0,0.0,34.8807,0,34.8807,nan,nan,265079,12.487783173748994,nan
5,Umoja,hairdresser,1,0,area,6,0.9728085162239418,0.48646918469368755,1.1135422016740482,nan,nan,0.49791551845118603,0.4748929977727558,-0.0,0.0,0.0,0.0,5.7546,0,5.7546,nan,nan,265079,12.487783173748994,nan
5,Umoja,fast_food,2,0,area,7,0.8733292081175704,0.7800813549345891,1.1135422016740482,nan,nan,0.7984362103448146,0.4748929977727558,-0.0,0.0,0.4,0.0,5.5839,0,5.5839,nan,nan,265079,12.487783173748994,nan
5,Umoja,salon,2,0,area,8,0.5959798332935397,0.5091078278076625,1.1135422016740482,nan,nan,0.5210868355207839,0.4748929977727558,-0.0,0.0,0.4,0.0,1.2337,0,1.2337,nan,nan,265079,12.487783173748994,nan
5,Umoja,greengrocer,2,0,area,9,0.536707898992413,0.45119846670886055,1.1135422016740482,nan,nan,0.46181490121965724,0.4748929977727558,-0.0,0.0,0.4,0.0,1.4468,0,1.4468,nan,nan,265079,12.487783173748994,nan
5,Umoja,laundry,2,0,area,10,0.46038333242826723,0.3766284878818216,1.1135422016740482,nan,nan,0.3854903346555115,0.4748929977727558,-0.0,0.0,0.4,0.0,0.7506,0,0.7506,nan,nan,265079,12.487783173748994,nan
5,Umoja,kiosk,2,0,area,11,0.3776491328546209,0.29579622393055793,1.1135422016740482,nan,nan,0.30275613508186516,0.4748929977727558,-0.0,0.0,0.4,0.0,15.7088,0,15.7088,nan,nan,265079,12.487783173748994,nan
5,Umoja,motorcycle_taxi,2,1,area,12,0.07489299777275576,0.0,1.1135422016740482,nan,nan,0.0,0.4748929977727558,-0.0,0.0,0.4,0.0,0.0,0,0.0,nan,nan,265079,12.487783173748994,nan
6,Eastleigh,supermarket,1,0,area,1,1.2079746097984103,0.8029810422822851,0.9053376870153405,nan,nan,0.8218747138653976,0.3860998959330128,-0.0,0.0,0.0,0.0,9.5492,0,9.5492,nan,nan,225815,12.327471358960734,nan
6,Eastleigh,pharmacy,1,0,area,2,0.9838724046207763,0.5840306119363207,0.9053376870153405,nan,nan,0.5977725086877634,0.3860998959330128,-0.0,0.0,0.0,0.0,21.9468,2,19.9468,nan,nan,225815,12.327471358960734,nan
6,Eastleigh,hardware,1,0,area,3,0.7596442848096355,0.3649571615461257,0.9053376870153405,nan,nan,0.3735443888766227,0.3860998959330128,-0.0,0.0,0.0,0.0,2.3729,1,1.3729,nan,nan,225815,12.327471358960734,nan
6,Eastleigh,restaurant,1,0,area,4,0.753045281906974,0.3585098598596172,0.9053376870153405,nan,nan,0.3669453859739611,0.3860998959330128,-0.0,0.0,0.0,0.0,33.7248,14,19.724800000000002,nan,nan,225815,12.327471358960734,nan
6,Eastleigh,clothes,1,0,area,5,0.5157422941905194,0.1266621132400927,0.9053376870153405,nan,nan,0.12964239825750662,0.3860998959330128,-0.0,0.0,0.0,0.0,2.4563,2,0.45630000000000015,nan,nan,225815,12.327471358960734,nan
6,Eastleigh,kiosk,2,0,area,6,0.2791854574518985,0.28634796240350907,0.9053376870153405,nan,nan,0.2930855615188857,0.3860998959330128,-0.0,0.0,0.4,0.0,15.1882,0,15.1882,nan,nan,225815,12.327471358960734,nan
6,Eastleigh,greengrocer,2,0,area,7,0.11976840736387073,0.13059567208761982,0.9053376870153405,nan,nan,0.13366851143085792,0.3860998959330128,-0.0,0.0,0.4,0.0,1.3988,1,0.39880000000000004,nan,nan,225815,12.327471358960734,nan
6,Eastleigh,motorcycle_taxi,2,1,area,8,-0.013900104066987218,0.0,0.9053376870153405,nan,nan,0.0,0.3860998959330128,-0.0,0.0,0.4,0.0,0.0,0,0.0,nan,nan,225815,12.327471358960734,nan
6,Eastleigh,laundry,2,0,area,9,-0.1561640877001247,-0.13899354722777799,0.9053376870153405,nan,nan,-0.14226398363313747,0.3860998959330128,-0.0,0.0,0.4,0.0,0.7258,1,-0.2742,nan,nan,225815,12.327471358960734,nan
6,Eastleigh,hairdresser,1,0,area,10,-0.32346166533055604,-0.6932498012345213,0.9053376870153405,nan,nan,-0.7095615612635688,0.3860998959330128,-0.0,0.0,0.0,0.0,5.5639,13,-7.4361,nan,nan,225815,12.327471358960734,nan
6,Eastleigh,fast_food,2,0,area,11,-1.6658324272770355,-1.6139568675040705,0.9053376870153405,nan,nan,-1.6519323232100485,0.3860998959330128,-0.0,0.0,0.4,0.0,5.3988,16,-10.6012,nan,nan,225815,12.327471358960734,nan
6,Eastleigh,salon,2,0,area,12,-3.132668429550076,-3.0470725019087657,0.9053376870153405,nan,nan,-3.118768325483089,0.3860998959330128,-0.0,0.0,0.4,0.0,1.1928,8,-6.8072,nan,nan,225815,12.327471358960734,nan
7,Pumwani,clothes,1,0,bbox,1,-0.04645223544928706,0.7748181443063357,-1.2650377535956028,nan,nan,0.7930491594664847,-0.5395013949157718,-0.0,0.0,0.0,0.3,2.5207,0,2.5207,nan,nan,42461,10.656341286557868,nan
7,Pumwani,restaurant,1,0,bbox,2,-0.6228975062759308,0.21162448890099414,-1.2650377535956028,nan,nan,0.21660388863984104,-0.5395013949157718,-0.0,0.0,0.0,0.3,34.6088,23,11.608800000000002,nan,nan,42461,10.656341286557868,nan
7,Pumwani,hairdresser,1,0,bbox,3,-0.8033870221009047,0.035284157347858516,-1.2650377535956028,nan,nan,0.03611437281486695,-0.5395013949157718,-0.0,0.0,0.0,0.3,5.7098,5,0.7098000000000004,nan,nan,42461,10.656341286557868,nan
7,Pumwani,laundry,2,0,bbox,4,-0.8569979601881235,0.37371025232011623,-1.2650377535956028,nan,nan,0.38250343472764836,-0.5395013949157718,-0.0,0.0,0.4,0.3,0.7448,0,0.7448,nan,nan,42461,10.656341286557868,nan
7,Pumwani,hardware,1,0,bbox,5,-1.041827867870044,-0.19767528966796724,-1.2650377535956028,nan,nan,-0.20232647295427234,-0.5395013949157718,-0.0,0.0,0.0,0.3,2.4351,3,-0.5649000000000002,nan,nan,42461,10.656341286557868,nan
7,Pumwani,greengrocer,2,0,bbox,6,-1.094341497506623,0.14182288827330639,-1.2650377535956028,nan,nan,0.14515989740914886,-0.5395013949157718,-0.0,0.0,0.4,0.3,1.4355,1,0.4355,nan,nan,42461,10.656341286557868,nan
7,Pumwani,supermarket,1,0,bbox,7,-1.1631638377317448,-0.31622192688916917,-1.2650377535956028,nan,nan,-0.3236624428159731,-0.5395013949157718,-0.0,0.0,0.0,0.3,9.7995,13,-3.2005,nan,nan,42461,10.656341286557868,nan
7,Pumwani,salon,2,0,bbox,8,-1.175427800518433,0.06260063820429651,-1.2650377535956028,nan,nan,0.06407359439733877,-0.5395013949157718,-0.0,0.0,0.4,0.3,1.2241,1,0.22409999999999997,nan,nan,42461,10.656341286557868,nan
7,Pumwani,kiosk,2,0,bbox,9,-1.1805064999034376,0.05763869052929208,-1.2650377535956028,nan,nan,0.05899489501233424,-0.5395013949157718,-0.0,0.0,0.4,0.3,15.5863,13,2.5862999999999996,nan,nan,42461,10.656341286557868,nan
7,Pumwani,motorcycle_taxi,2,1,bbox,10,-1.2395013949157718,0.0,-1.2650377535956028,nan,nan,0.0,-0.5395013949157718,-0.0,0.0,0.4,0.3,0.0,0,0.0,nan,nan,42461,10.656341286557868,nan
7,Pumwani,fast_food,2,0,bbox,11,-1.6588234498673435,-0.4096824674814205,-1.2650377535956028,nan,nan,-0.41932205495157154,-0.5395013949157718,-0.0,0.0,0.4,0.3,5.5404,8,-2.4596,nan,nan,42461,10.656341286557868,nan
7,Pumwani,pharmacy,1,0,bbox,12,-1.6646594162581876,-0.8061888714264981,-1.2650377535956028,nan,nan,-0.8251580213424157,-0.5395013949157718,-0.0,0.0,0.0,0.3,22.5221,49,-26.4779,nan,nan,42461,10.656341286557868,nan
8,Githurai,clothes,1,0,bbox,1,1.4074687638526509,1.3140585935197981,0.8499792356207698,nan,nan,1.3449776192496756,0.3624911446029754,-0.0,0.0,0.0,0.3,4.2382,0,4.2382,nan,nan,216392,12.284846856694399,nan
8,Githurai,hardware,1,0,bbox,2,1.2448045243314823,1.1551337618037136,0.8499792356207698,nan,nan,1.1823133797285068,0.3624911446029754,-0.0,0.0,0.0,0.3,4.0944,0,4.0944,nan,nan,216392,12.284846856694399,nan
8,Githurai,supermarket,1,0,bbox,3,1.237235543962966,1.1477387809838993,0.8499792356207698,nan,nan,1.1747443993599909,0.3624911446029754,-0.0,0.0,0.0,0.3,16.4766,3,13.476600000000001,nan,nan,216392,12.284846856694399,nan
8,Githurai,pharmacy,1,0,bbox,4,1.2095505699907678,1.12069024319497,0.8499792356207698,nan,nan,1.1470594253877926,0.3624911446029754,-0.0,0.0,0.0,0.3,37.8679,0,37.8679,nan,nan,216392,12.284846856694399,nan
8,Githurai,restaurant,1,0,bbox,5,1.1419711285816339,1.0546643521630574,0.8499792356207698,nan,nan,1.0794799839786586,0.3624911446029754,-0.0,0.0,0.0,0.3,58.1901,0,58.1901,nan,nan,216392,12.284846856694399,nan
8,Githurai,fast_food,2,0,bbox,6,1.0258636347953025,1.3320305938660666,0.8499792356207698,nan,nan,1.363372490192327,0.3624911446029754,-0.0,0.0,0.4,0.3,9.3154,0,9.3154,nan,nan,216392,12.284846856694399,nan
8,Githurai,hairdresser,1,0,bbox,7,0.9124330041695732,0.8304029662432278,0.8499792356207698,nan,nan,0.8499418595665978,0.3624911446029754,-0.0,0.0,0.0,0.3,9.6002,0,9.6002,nan,nan,216392,12.284846856694399,nan
8,Githurai,salon,2,0,bbox,8,0.5568024425903604,0.873752417573882,0.8499792356207698,nan,nan,0.8943112979873851,0.3624911446029754,-0.0,0.0,0.4,0.3,2.0582,0,2.0582,nan,nan,216392,12.284846856694399,nan
8,Githurai,greengrocer,2,0,bbox,9,0.42702735273848286,0.7469606631208983,0.8499792356207698,nan,nan,0.7645362081355076,0.3624911446029754,-0.0,0.0,0.4,0.3,2.4136,0,2.4136,nan,nan,216392,12.284846856694399,nan
8,Githurai,laundry,2,0,bbox,10,0.30634832301864984,0.6290558639693372,0.8499792356207698,nan,nan,0.6438571784156745,0.3624911446029754,-0.0,0.0,0.4,0.3,1.2523,0,1.2523,nan,nan,216392,12.284846856694399,nan
8,Githurai,kiosk,2,0,bbox,11,0.1602488414111813,0.48631499113445414,0.8499792356207698,nan,nan,0.497757696808206,0.3624911446029754,-0.0,0.0,0.4,0.3,26.2064,0,26.2064,nan,nan,216392,12.284846856694399,nan
8,Githurai,motorcycle_taxi,2,1,bbox,12,-0.33750885539702463,0.0,0.8499792356207698,nan,nan,0.0,0.3624911446029754,-0.0,0.0,0.4,0.3,0.0,0,0.0,nan,nan,216392,12.284846856694399,nan
9,Kariobangi North,restaurant,1,0,bbox,1,0.6812852775148721,0.7869387972032479,0.4122916753677675,nan,nan,0.8054550041962654,0.17583027331860673,-0.0,0.0,0.0,0.3,53.3972,10,43.3972,nan,nan,154483,11.947839336903472,nan
9,Kariobangi North,hardware,1,0,bbox,2,0.660727973654784,0.7668540750410928,0.4122916753677675,nan,nan,0.7848977003361773,0.17583027331860673,-0.0,0.0,0.0,0.3,3.7571,1,2.7571,nan,nan,154483,11.947839336903472,nan
9,Kariobangi North,pharmacy,1,0,bbox,3,0.34493286351326874,0.4583186226039802,0.4122916753677675,nan,nan,0.46910259019466205,0.17583027331860673,-0.0,0.0,0.0,0.3,34.7488,19,15.748800000000003,nan,nan,154483,11.947839336903472,nan
9,Kariobangi North,supermarket,1,0,bbox,4,0.2997045681191269,0.4141300581384392,0.4122916753677675,nan,nan,0.42387429480052013,0.17583027331860673,-0.0,0.0,0.0,0.3,15.1195,10,5.1195,nan,nan,154483,11.947839336903472,nan
9,Kariobangi North,salon,2,0,bbox,5,0.29341440770612665,0.798789096815393,0.4122916753677675,nan,nan,0.8175841343875199,0.17583027331860673,-0.0,0.0,0.4,0.3,1.8887,0,1.8887,nan,nan,154483,11.947839336903472,nan
9,Kariobangi North,fast_food,2,0,bbox,6,0.1174499223164957,0.6268697720094317,0.4122916753677675,nan,nan,0.6416196489978889,0.17583027331860673,-0.0,0.0,0.4,0.3,8.5481,4,4.5481,nan,nan,154483,11.947839336903472,nan
9,Kariobangi North,laundry,2,0,bbox,7,0.06654123232816439,0.5771313967334759,0.4122916753677675,nan,nan,0.5907109590095576,0.17583027331860673,-0.0,0.0,0.4,0.3,1.1491,0,1.1491,nan,nan,154483,11.947839336903472,nan
9,Kariobangi North,hairdresser,1,0,bbox,8,-0.17046884328461592,-0.0452347690951026,0.4122916753677675,nan,nan,-0.04629911660322266,0.17583027331860673,-0.0,0.0,0.0,0.3,8.8095,9,-0.1905000000000001,nan,nan,154483,11.947839336903472,nan
9,Kariobangi North,kiosk,2,0,bbox,9,-0.25226803395087055,0.2656510791045337,0.4122916753677675,nan,nan,0.2719016927305227,0.17583027331860673,-0.0,0.0,0.4,0.3,24.0478,10,14.047799999999999,nan,nan,154483,11.947839336903472,nan
9,Kariobangi North,greengrocer,2,0,bbox,10,-0.4481147035340651,0.07430663181060805,0.4122916753677675,nan,nan,0.07605502314732823,0.17583027331860673,-0.0,0.0,0.4,0.3,2.2148,2,0.21479999999999988,nan,nan,154483,11.947839336903472,nan
9,Kariobangi North,motorcycle_taxi,2,1,bbox,11,-0.5241697266813933,0.0,0.4122916753677675,nan,nan,0.0,0.17583027331860673,-0.0,0.0,0.4,0.3,0.0,0,0.0,nan,nan,154483,11.947839336903472,nan
9,Kariobangi North,clothes,1,0,bbox,12,-1.7835789274369767,-1.6212618628071793,0.4122916753677675,nan,nan,-1.6594092007555834,0.17583027331860673,-0.0,0.0,0.0,0.3,3.8891,9,-5.1109,nan,nan,154483,11.947839336903472,nan
10,Kasarani,laundry,2,0,area,1,0.2715796040989734,0.3475467610772403,0.7406261554398026,nan,nan,0.3557243319261165,0.31585527217285697,-0.0,0.0,0.4,0.0,0.6928,0,0.6928,nan,nan,198918,12.200647958484947,nan
10,Kasarani,kiosk,2,0,area,2,-0.08252497796266628,0.001582514235408319,0.7406261554398026,nan,nan,0.00161974986447675,0.31585527217285697,-0.0,0.0,0.4,0.0,14.4976,15,-0.5023999999999997,nan,nan,198918,12.200647958484947,nan
10,Kasarani,motorcycle_taxi,2,1,area,3,-0.08414472782714305,0.0,0.7406261554398026,nan,nan,0.0,0.31585527217285697,-0.0,0.0,0.4,0.0,0.0,0,0.0,nan,nan,198918,12.200647958484947,nan
10,Kasarani,hardware,1,0,area,4,-0.23419877608760292,-0.5374091276107942,0.7406261554398026,nan,nan,-0.5500540482604599,0.31585527217285697,-0.0,0.0,0.0,0.0,2.265,4,-1.7349999999999999,nan,nan,198918,12.200647958484947,nan
10,Kasarani,hairdresser,1,0,area,5,-0.32532588634128073,-0.6264413617666863,0.7406261554398026,nan,nan,-0.6411811585141377,0.31585527217285697,-0.0,0.0,0.0,0.0,5.3109,12,-6.6891,nan,nan,198918,12.200647958484947,nan
10,Kasarani,pharmacy,1,0,area,6,-0.46557091503283704,-0.7634623668101609,0.7406261554398026,nan,nan,-0.781426187205694,0.31585527217285697,-0.0,0.0,0.0,0.0,20.9489,46,-25.0511,nan,nan,198918,12.200647958484947,nan
10,Kasarani,salon,2,0,area,7,-0.5114418478112421,-0.4174741976856141,0.7406261554398026,nan,nan,-0.42729711998409914,0.31585527217285697,-0.0,0.0,0.4,0.0,1.1386,2,-0.8613999999999999,nan,nan,198918,12.200647958484947,nan
10,Kasarani,greengrocer,2,0,area,8,-0.9097407963170537,-0.8066168485246255,0.7406261554398026,nan,nan,-0.8255960684899107,0.31585527217285697,-0.0,0.0,0.4,0.0,1.3352,4,-2.6648,nan,nan,198918,12.200647958484947,nan
10,Kasarani,restaurant,1,0,area,9,-1.160966644084039,-1.442871987147542,0.7406261554398026,nan,nan,-1.4768219162568959,0.31585527217285697,-0.0,0.0,0.0,0.0,32.1913,112,-79.8087,nan,nan,198918,12.200647958484947,nan
10,Kasarani,fast_food,2,0,area,10,-1.7732297679270692,-1.650255498948204,0.7406261554398026,nan,nan,-1.6890850400999262,0.31585527217285697,-0.0,0.0,0.4,0.0,5.1534,16,-10.846599999999999,nan,nan,198918,12.200647958484947,nan
10,Kasarani,clothes,1,0,area,11,-1.839887847729823,-2.106185806801469,0.7406261554398026,nan,nan,-2.15574311990268,0.31585527217285697,-0.0,0.0,0.0,0.0,2.3446,9,-6.6554,nan,nan,198918,12.200647958484947,nan
10,Kasarani,supermarket,1,0,area,12,-3.4835385319802827,-3.7120514178507693,0.7406261554398026,nan,nan,-3.79939380415314,0.31585527217285697,-0.0,0.0,0.0,0.0,9.115,51,-41.885,nan,nan,198918,12.200647958484947,nan
11,Roysambu,clothes,1,0,bbox,1,1.383331434633083,1.3044825622528342,0.8163638352500824,nan,nan,1.3351762695999596,0.3481551650331234,-0.0,0.0,0.0,0.3,4.2077,0,4.2077,nan,nan,210863,12.258963912479224,nan
11,Roysambu,pharmacy,1,0,bbox,2,1.0642642903327961,0.9927502948330138,0.8163638352500824,nan,nan,1.0161091252996728,0.3481551650331234,-0.0,0.0,0.0,0.3,37.5955,4,33.5955,nan,nan,210863,12.258963912479224,nan
11,Roysambu,hardware,1,0,bbox,3,0.9245241478915163,0.8562225694593495,0.8163638352500824,nan,nan,0.8763689828583929,0.3481551650331234,-0.0,0.0,0.0,0.3,4.0649,1,3.0648999999999997,nan,nan,210863,12.258963912479224,nan
11,Roysambu,hairdresser,1,0,bbox,4,0.8002407320439757,0.7347962436312926,0.8163638352500824,nan,nan,0.7520855670108524,0.3481551650331234,-0.0,0.0,0.0,0.3,9.5312,1,8.5312,nan,nan,210863,12.258963912479224,nan
11,Roysambu,salon,2,0,bbox,5,0.5357669820690159,0.8672069476787456,0.8163638352500824,nan,nan,0.8876118170358925,0.3481551650331234,-0.0,0.0,0.4,0.3,2.0434,0,2.0434,nan,nan,210863,12.258963912479224,nan
11,Roysambu,greengrocer,2,0,bbox,6,0.40724314112442744,0.7416376777903546,0.8163638352500824,nan,nan,0.7590879760913041,0.3481551650331234,-0.0,0.0,0.4,0.3,2.3962,0,2.3962,nan,nan,210863,12.258963912479224,nan
11,Roysambu,laundry,2,0,bbox,7,0.2873774987331483,0.6245275674080704,0.8163638352500824,nan,nan,0.6392223337000249,0.3481551650331234,-0.0,0.0,0.4,0.3,1.2433,0,1.2433,nan,nan,210863,12.258963912479224,nan
11,Roysambu,kiosk,2,0,bbox,8,0.123835495956579,0.4647451509022268,0.8163638352500824,nan,nan,0.47568033092345563,0.3481551650331234,-0.0,0.0,0.4,0.3,26.0179,1,25.0179,nan,nan,210863,12.258963912479224,nan
11,Roysambu,restaurant,1,0,bbox,9,0.04548386806513072,-0.0026098878422916795,0.8163638352500824,nan,nan,-0.00267129696799266,0.3481551650331234,-0.0,0.0,0.0,0.3,57.7715,58,-0.22849999999999682,nan,nan,210863,12.258963912479224,nan
11,Roysambu,fast_food,2,0,bbox,10,-0.05839186498957566,0.2867069246904665,0.8163638352500824,nan,nan,0.29345296997730097,0.3481551650331234,-0.0,0.0,0.4,0.3,9.2484,7,2.2484,nan,nan,210863,12.258963912479224,nan
11,Roysambu,motorcycle_taxi,2,1,bbox,11,-0.35184483496687663,0.0,0.8163638352500824,nan,nan,0.0,0.3481551650331234,-0.0,0.0,0.4,0.3,0.0,0,0.0,nan,nan,210863,12.258963912479224,nan
11,Roysambu,supermarket,1,0,bbox,12,-0.584710754806095,-0.6183172780038341,0.8163638352500824,nan,nan,-0.6328659198392184,0.3481551650331234,-0.0,0.0,0.0,0.3,16.3581,23,-6.6419,nan,nan,210863,12.258963912479224,nan
12,Kibera,clothes,1,0,bbox,1,-0.08757291037989365,0.1721875077879542,0.08485488110778,nan,nan,0.17623897855943546,0.03618811106067088,-0.0,0.0,0.0,0.3,3.6013,3,0.6013000000000002,nan,nan,120057,11.695721908987394,nan
12,Kibera,motorcycle_taxi,2,1,bbox,2,-0.6638118889393292,0.0,0.08485488110778,nan,nan,0.0,0.03618811106067088,-0.0,0.0,0.4,0.3,0.0,0,0.0,nan,nan,120057,11.695721908987394,nan
12,Kibera,supermarket,1,0,bbox,3,-1.1084768894977013,-0.8252474143386395,0.08485488110778,nan,nan,-0.8446650005583721,0.03618811106067088,-0.0,0.0,0.0,0.3,14.0008,23,-8.9992,nan,nan,120057,11.695721908987394,nan
12,Kibera,fast_food,2,0,bbox,4,-1.9347093390098304,-1.2416814167355474,0.08485488110778,nan,nan,-1.2708974500705015,0.03618811106067088,-0.0,0.0,0.4,0.3,7.9156,16,-8.084399999999999,nan,nan,120057,11.695721908987394,nan
12,Kibera,hardware,1,0,bbox,5,-2.2361284811343953,-1.9269759808802376,0.08485488110778,nan,nan,-1.9723165921950665,0.03618811106067088,-0.0,0.0,0.0,0.3,3.4791,10,-6.5209,nan,nan,120057,11.695721908987394,nan
12,Kibera,restaurant,1,0,bbox,6,-2.273110564069932,-1.9631079009896701,0.08485488110778,nan,nan,-2.0092986751306032,0.03618811106067088,-0.0,0.0,0.0,0.3,49.4462,158,-108.5538,nan,nan,120057,11.695721908987394,nan
12,Kibera,salon,2,0,bbox,7,-2.625516480631176,-1.9166079344115747,0.08485488110778,nan,nan,-1.961704591691847,0.03618811106067088,-0.0,0.0,0.4,0.3,1.7489,6,-4.2511,nan,nan,120057,11.695721908987394,nan
12,Kibera,pharmacy,1,0,bbox,8,-2.9691935758387284,-2.6431890044419424,0.08485488110778,nan,nan,-2.7053816868993996,0.03618811106067088,-0.0,0.0,0.0,0.3,32.1777,120,-87.8223,nan,nan,120057,11.695721908987394,nan
12,Kibera,hairdresser,1,0,bbox,9,-3.7567579242052465,-3.412648425259805,0.08485488110778,nan,nan,-3.4929460352659176,0.03618811106067088,-0.0,0.0,0.0,0.3,8.1577,46,-37.8423,nan,nan,120057,11.695721908987394,nan
12,Kibera,greengrocer,2,0,bbox,10,-4.0833613323599165,-3.340939111387931,0.08485488110778,nan,nan,-3.4195494434205878,0.03618811106067088,-0.0,0.0,0.4,0.3,2.0509,13,-10.9491,nan,nan,120057,11.695721908987394,nan
12,Kibera,laundry,2,0,bbox,11,-4.236736432821776,-3.490788347471357,0.08485488110778,nan,nan,-3.572924543882447,0.03618811106067088,-0.0,0.0,0.4,0.3,1.0641,8,-6.9359,nan,nan,120057,11.695721908987394,nan
12,Kibera,kiosk,2,0,bbox,12,-4.548794911003364,-3.7956730675338277,0.08485488110778,nan,nan,-3.884983022064035,0.03618811106067088,-0.0,0.0,0.4,0.3,22.2685,232,-209.7315,nan,nan,120057,11.695721908987394,nan
13,Laini Saba,clothes,1,0,bbox,1,-0.34376772198763034,0.6794973871702614,-1.7334214911106571,nan,nan,0.6954855609860322,-0.7392532829736626,-0.0,0.0,0.0,0.3,2.2171,0,2.2171,nan,nan,29605,10.295698544965877,nan
13,Laini Saba,restaurant,1,0,bbox,2,-0.4923389734905948,0.5343415667363306,-1.7334214911106571,nan,nan,0.5469143094830677,-0.7392532829736626,-0.0,0.0,0.0,0.3,30.4402,1,29.4402,nan,nan,29605,10.295698544965877,nan
13,Laini Saba,pharmacy,1,0,bbox,3,-0.6602472209854017,0.370293278954048,-1.7334214911106571,nan,nan,0.37900606198826087,-0.7392532829736626,-0.0,0.0,0.0,0.3,19.8093,7,12.8093,nan,nan,29605,10.295698544965877,nan
13,Laini Saba,supermarket,1,0,bbox,4,-0.6603300254122689,0.3702123780772237,-1.7334214911106571,nan,nan,0.3789232575613936,-0.7392532829736626,-0.0,0.0,0.0,0.3,8.6192,4,4.619199999999999,nan,nan,29605,10.295698544965877,nan
13,Laini Saba,hardware,1,0,bbox,5,-0.7343866504027059,0.2978582042359921,-1.7334214911106571,nan,nan,0.3048666325709566,-0.7392532829736626,-0.0,0.0,0.0,0.3,2.1418,1,1.1418,nan,nan,29605,10.295698544965877,nan
13,Laini Saba,fast_food,2,0,bbox,6,-0.8998414545640236,0.5270115564921759,-1.7334214911106571,nan,nan,0.5394118284096389,-0.7392532829736626,-0.0,0.0,0.4,0.3,4.873,1,3.873,nan,nan,29605,10.295698544965877,nan
13,Laini Saba,salon,2,0,bbox,7,-0.9892352656545238,0.43967277554168743,-1.7334214911106571,nan,nan,0.4500180173191389,-0.7392532829736626,-0.0,0.0,0.4,0.3,1.0767,0,1.0767,nan,nan,29605,10.295698544965877,nan
13,Laini Saba,greengrocer,2,0,bbox,8,-1.035114493394365,0.39484824269241725,-1.7334214911106571,nan,nan,0.4041387895792976,-0.7392532829736626,-0.0,0.0,0.4,0.3,1.2626,0,1.2626,nan,nan,29605,10.295698544965877,nan
13,Laini Saba,laundry,2,0,bbox,9,-1.1029438005786565,0.3285782299261554,-1.7334214911106571,nan,nan,0.3363094823950061,-0.7392532829736626,-0.0,0.0,0.4,0.3,0.6551,0,0.6551,nan,nan,29605,10.295698544965877,nan
13,Laini Saba,hairdresser,1,0,bbox,10,-1.2491802040141118,-0.20510101480963427,-1.7334214911106571,nan,nan,-0.2099269210404492,-0.7392532829736626,-0.0,0.0,0.0,0.3,5.022,7,-1.9779999999999998,nan,nan,29605,10.295698544965877,nan
13,Laini Saba,kiosk,2,0,bbox,11,-1.340827488034059,0.09616313298696913,-1.7334214911106571,nan,nan,0.09842579493960368,-0.7392532829736626,-0.0,0.0,0.4,0.3,13.709,9,4.709,nan,nan,29605,10.295698544965877,nan
13,Laini Saba,motorcycle_taxi,2,1,bbox,12,-1.4392532829736626,0.0,-1.7334214911106571,nan,nan,0.0,-0.7392532829736626,-0.0,0.0,0.4,0.3,0.0,0,0.0,nan,nan,29605,10.295698544965877,nan
14,Woodley,clothes,1,0,area,1,-0.21393058204259902,0.40568568658274434,-1.4752759781053704,nan,nan,0.4152312321493971,-0.6291618141919961,-0.0,0.0,0.0,0.0,1.345,0,1.345,nan,nan,36115,10.494463570484948,nan
14,Woodley,supermarket,1,0,area,2,-0.2853152804726072,0.3359420157028513,-1.4752759781053704,nan,nan,0.34384653371938895,-0.6291618141919961,-0.0,0.0,0.0,0.0,5.2288,1,4.2288,nan,nan,36115,10.494463570484948,nan
14,Woodley,pharmacy,1,0,area,3,-0.3050810723418101,0.31663060985363006,-1.4752759781053704,nan,nan,0.32408074185018604,-0.6291618141919961,-0.0,0.0,0.0,0.0,12.0173,1,11.0173,nan,nan,36115,10.494463570484948,nan
14,Woodley,restaurant,1,0,area,4,-0.32257346379760177,0.29954034233935084,-1.4752759781053704,nan,nan,0.30658835039439436,-0.6291618141919961,-0.0,0.0,0.0,0.0,18.4665,2,16.4665,nan,nan,36115,10.494463570484948,nan
14,Woodley,hardware,1,0,area,5,-0.5746673568158631,0.053241711229555275,-1.4752759781053704,nan,nan,0.054494457376133044,-0.6291618141919961,-0.0,0.0,0.0,0.0,1.2993,1,0.2992999999999999,nan,nan,36115,10.494463570484948,nan
14,Woodley,hairdresser,1,0,area,6,-0.7452968200288748,-0.11346523558775502,-1.4752759781053704,nan,nan,-0.11613500583687866,-0.6291618141919961,-0.0,0.0,0.0,0.0,3.0466,4,-0.9533999999999998,nan,nan,36115,10.494463570484948,nan
14,Woodley,salon,2,0,area,7,-0.7708485389645561,0.2523750390153151,-1.4752759781053704,nan,nan,0.25831327522744013,-0.6291618141919961,-0.0,0.0,0.4,0.0,0.6532,0,0.6532,nan,nan,36115,10.494463570484948,nan
14,Woodley,greengrocer,2,0,area,8,-0.7805481312998136,0.24289842581420137,-1.4752759781053704,nan,nan,0.24861368289218255,-0.6291618141919961,-0.0,0.0,0.4,0.0,0.7659,0,0.7659,nan,nan,36115,10.494463570484948,nan
14,Woodley,laundry,2,0,area,9,-0.8255633854884273,0.19891800505521096,-1.4752759781053704,nan,nan,0.20359842870356884,-0.6291618141919961,-0.0,0.0,0.4,0.0,0.3974,0,0.3974,nan,nan,36115,10.494463570484948,nan
14,Woodley,kiosk,2,0,area,10,-0.863723737023333,0.16163490298087782,-1.4752759781053704,nan,nan,0.16543807716866316,-0.6291618141919961,-0.0,0.0,0.4,0.0,8.3165,0,8.3165,nan,nan,36115,10.494463570484948,nan
14,Woodley,motorcycle_taxi,2,1,area,11,-1.0291618141919963,0.0,-1.4752759781053704,nan,nan,0.0,-0.6291618141919961,-0.0,0.0,0.4,0.0,0.0,0,0.0,nan,nan,36115,10.494463570484948,nan
14,Woodley,fast_food,2,0,area,12,-1.3855331776895692,-0.34817891835969783,-1.4752759781053704,nan,nan,-0.35637136349757303,-0.6291618141919961,-0.0,0.0,0.4,0.0,2.9562,5,-2.0438,nan,nan,36115,10.494463570484948,nan
15,Karen,pharmacy,1,0,bbox,1,-0.37055035342330483,0.559810541195016,-1.50897371379165,nan,nan,0.5729825539290164,-0.6435329073523213,-0.0,0.0,0.0,0.3,21.138,2,19.138,nan,nan,35190,10.46851723031563,nan
15,Karen,hairdresser,1,0,bbox,2,-0.48183977895193825,0.45107949326474206,-1.50897371379165,nan,nan,0.461693128400383,-0.6435329073523213,-0.0,0.0,0.0,0.3,5.3589,0,5.3589,nan,nan,35190,10.46851723031563,nan
15,Karen,clothes,1,0,bbox,3,-0.521617476097544,0.41221622593857554,-1.50897371379165,nan,nan,0.42191543125477726,-0.6435329073523213,-0.0,0.0,0.0,0.3,2.3658,1,1.3658000000000001,nan,nan,35190,10.46851723031563,nan
15,Karen,hardware,1,0,bbox,4,-0.5959618456116363,0.3395809223903244,-1.50897371379165,nan,nan,0.3475710617406849,-0.6435329073523213,-0.0,0.0,0.0,0.3,2.2855,1,1.2854999999999999,nan,nan,35190,10.46851723031563,nan
15,Karen,supermarket,1,0,bbox,5,-0.6923647564275732,0.24539417044371942,-1.50897371379165,nan,nan,0.2511681509247481,-0.6435329073523213,-0.0,0.0,0.0,0.3,9.1973,6,3.1973000000000003,nan,nan,35190,10.46851723031563,nan
15,Karen,laundry,2,0,bbox,6,-0.9846156823998682,0.3506662542638909,-1.50897371379165,nan,nan,0.35891722495245304,-0.6435329073523213,-0.0,0.0,0.4,0.3,0.699,0,0.699,nan,nan,35190,10.46851723031563,nan
15,Karen,kiosk,2,0,bbox,7,-1.060844234083915,0.27619008307832804,-1.50897371379165,nan,nan,0.2826886732684063,-0.6435329073523213,-0.0,0.0,0.4,0.3,14.6285,0,14.6285,nan,nan,35190,10.46851723031563,nan
15,Karen,restaurant,1,0,bbox,8,-1.1923819227741732,-0.2431283484006599,-1.50897371379165,nan,nan,-0.24884901542185187,-0.6435329073523213,-0.0,0.0,0.0,0.3,32.4819,46,-13.518099999999997,nan,nan,35190,10.46851723031563,nan
15,Karen,fast_food,2,0,bbox,9,-1.2088192350891076,0.13161680623417435,-1.50897371379165,nan,nan,0.13471367226321374,-0.6435329073523213,-0.0,0.0,0.4,0.3,5.1999,4,1.1999000000000004,nan,nan,35190,10.46851723031563,nan
15,Karen,motorcycle_taxi,2,1,bbox,10,-1.3435329073523212,0.0,-1.50897371379165,nan,nan,0.0,-0.6435329073523213,-0.0,0.0,0.4,0.3,0.0,0,0.0,nan,nan,35190,10.46851723031563,nan
15,Karen,greengrocer,2,0,bbox,11,-1.5391066944547862,-0.19107783797367275,-1.50897371379165,nan,nan,-0.19557378710246504,-0.6435329073523213,-0.0,0.0,0.4,0.3,1.3473,2,-0.6527000000000001,nan,nan,35190,10.46851723031563,nan
15,Karen,salon,2,0,bbox,12,-1.766167550728287,-0.4129189044477826,-1.50897371379165,nan,nan,-0.4226346433759657,-0.6435329073523213,-0.0,0.0,0.4,0.3,1.1489,2,-0.8511,nan,nan,35190,10.46851723031563,nan
16,Nairobi West,hairdresser,1,0,bbox,1,0.5141808169595923,0.5969669450183331,0.47639297172332035,nan,nan,0.611013226077588,0.20316759088200426,-0.0,0.0,0.0,0.3,8.9901,2,6.9901,nan,nan,162299,11.997195592054249,nan
16,Nairobi West,salon,2,0,bbox,2,0.33826996262241366,0.8159046160682162,0.47639297172332035,nan,nan,0.8351023717404095,0.20316759088200426,-0.0,0.0,0.4,0.3,1.9274,0,1.9274,nan,nan,162299,11.997195592054249,nan
16,Nairobi West,supermarket,1,0,bbox,3,0.1751895010376162,0.2657685329106554,0.47639297172332035,nan,nan,0.27202191015561195,0.20316759088200426,-0.0,0.0,0.0,0.3,15.4294,12,3.4293999999999993,nan,nan,162299,11.997195592054249,nan
16,Nairobi West,pharmacy,1,0,bbox,4,0.08760254529855044,0.1801950704069704,0.47639297172332035,nan,nan,0.18443495441654614,0.20316759088200426,-0.0,0.0,0.0,0.3,35.4612,29,6.461199999999998,nan,nan,162299,11.997195592054249,nan
16,Nairobi West,kiosk,2,0,bbox,5,-0.12289371949648925,0.36534239790606954,0.47639297172332035,nan,nan,0.37393868962150645,0.20316759088200426,-0.0,0.0,0.4,0.3,24.5408,5,19.5408,nan,nan,162299,11.997195592054249,nan
16,Nairobi West,restaurant,1,0,bbox,6,-0.34549803606971363,-0.24294917575742558,0.47639297172332035,nan,nan,-0.24866562695171793,0.20316759088200426,-0.0,0.0,0.0,0.3,54.4918,68,-13.508200000000002,nan,nan,162299,11.997195592054249,nan
16,Nairobi West,greengrocer,2,0,bbox,7,-0.40656188397027476,0.08819534066156648,0.47639297172332035,nan,nan,0.09027052514772098,0.20316759088200426,-0.0,0.0,0.4,0.3,2.2602,2,0.2602000000000002,nan,nan,162299,11.997195592054249,nan
16,Nairobi West,laundry,2,0,bbox,8,-0.40895060348181506,0.0858615342422455,0.47639297172332035,nan,nan,0.08788180563618068,0.20316759088200426,-0.0,0.0,0.4,0.3,1.1727,1,0.17270000000000008,nan,nan,162299,11.997195592054249,nan
16,Nairobi West,hardware,1,0,bbox,9,-0.4777626533388425,-0.3721732271123216,0.47639297172332035,nan,nan,-0.38093024422084676,0.20316759088200426,-0.0,0.0,0.0,0.3,3.8341,5,-1.1659000000000002,nan,nan,162299,11.997195592054249,nan
16,Nairobi West,motorcycle_taxi,2,1,bbox,10,-0.49683240911799575,0.0,0.47639297172332035,nan,nan,0.0,0.20316759088200426,-0.0,0.0,0.4,0.3,0.0,0,0.0,nan,nan,162299,11.997195592054249,nan
16,Nairobi West,fast_food,2,0,bbox,11,-0.737067468107723,-0.23471241395548062,0.47639297172332035,nan,nan,-0.2402350589897272,0.20316759088200426,-0.0,0.0,0.4,0.3,8.7233,10,-1.2767,nan,nan,162299,11.997195592054249,nan
16,Nairobi West,clothes,1,0,bbox,12,-1.4092738322736307,-1.2822703559566548,0.47639297172332035,nan,nan,-1.312441423155635,0.20316759088200426,-0.0,0.0,0.0,0.3,3.9688,8,-4.0312,nan,nan,162299,11.997195592054249,nan
17,Bahati,supermarket,1,0,area,1,-0.3310064890050772,0.3918156982112736,-1.7165108223396512,nan,nan,0.40103489111036233,-0.7320413801154395,-0.0,0.0,0.0,0.0,4.8653,0,4.8653,nan,nan,29993,10.308719300084501,nan
17,Bahati,clothes,1,0,area,2,-0.34685690836763095,0.3763296563053302,-1.7165108223396512,nan,nan,0.38518447174780857,-0.7320413801154395,-0.0,0.0,0.0,0.0,1.2515,0,1.2515,nan,nan,29993,10.308719300084501,nan
17,Bahati,pharmacy,1,0,area,3,-0.402915600489178,0.3215596697497957,-1.7165108223396512,nan,nan,0.3291257796262615,-0.7320413801154395,-0.0,0.0,0.0,0.0,11.1819,0,11.1819,nan,nan,29993,10.308719300084501,nan
17,Bahati,hardware,1,0,area,4,-0.4072044090601005,0.3173694544793542,-1.7165108223396512,nan,nan,0.324836971055339,-0.7320413801154395,-0.0,0.0,0.0,0.0,1.209,0,1.209,nan,nan,29993,10.308719300084501,nan
17,Bahati,restaurant,1,0,area,5,-0.41218607797256107,0.31250230669131807,-1.7165108223396512,nan,nan,0.31985530214287844,-0.7320413801154395,-0.0,0.0,0.0,0.0,17.1827,0,17.1827,nan,nan,29993,10.308719300084501,nan
17,Bahati,hairdresser,1,0,area,6,-0.5014044425849886,0.22533493896653256,-1.7165108223396512,nan,nan,0.23063693753045095,-0.7320413801154395,-0.0,0.0,0.0,0.0,2.8348,0,2.8348,nan,nan,29993,10.308719300084501,nan
17,Bahati,fast_food,2,0,area,7,-0.7625419158684332,0.3610052236896039,-1.7165108223396512,nan,nan,0.3694994642470063,-0.7320413801154395,-0.0,0.0,0.4,0.0,2.7507,0,2.7507,nan,nan,29993,10.308719300084501,nan
17,Bahati,salon,2,0,area,8,-0.894279215374335,0.23229636785050448,-1.7165108223396512,nan,nan,0.23776216474110456,-0.7320413801154395,-0.0,0.0,0.4,0.0,0.6078,0,0.6078,nan,nan,29993,10.308719300084501,nan
17,Bahati,greengrocer,2,0,area,9,-0.9000855101400166,0.22662355112541321,-1.7165108223396512,nan,nan,0.23195586997542292,-0.7320413801154395,-0.0,0.0,0.4,0.0,0.7127,0,0.7127,nan,nan,29993,10.308719300084501,nan
17,Bahati,laundry,2,0,area,10,-0.9426564752065298,0.18503122893399224,-1.7165108223396512,nan,nan,0.1893849049089097,-0.7320413801154395,-0.0,0.0,0.4,0.0,0.3698,0,0.3698,nan,nan,29993,10.308719300084501,nan
17,Bahati,kiosk,2,0,area,11,-0.9773419863443146,0.15114308586834047,-1.7165108223396512,nan,nan,0.15469939377112493,-0.7320413801154395,-0.0,0.0,0.4,0.0,7.7384,0,7.7384,nan,nan,29993,10.308719300084501,nan
17,Bahati,motorcycle_taxi,2,1,area,12,-1.1320413801154396,0.0,-1.7165108223396512,nan,nan,0.0,-0.7320413801154395,-0.0,0.0,0.4,0.0,0.0,0,0.0,nan,nan,29993,10.308719300084501,nan
18,Makadara,supermarket,1,0,area,1,0.6806278610003751,0.6460255916537556,0.04549356444565921,nan,nan,0.6612261938103146,0.019401667190060545,-0.0,0.0,0.0,0.0,7.7612,0,7.7612,nan,nan,116473,11.665414765470821,nan
18,Makadara,restaurant,1,0,area,2,0.5287083734341275,0.4975985061005252,0.04549356444565921,nan,nan,0.5093067062440669,0.019401667190060545,-0.0,0.0,0.0,0.0,27.41,0,27.41,nan,nan,116473,11.665414765470821,nan
18,Makadara,pharmacy,1,0,area,3,0.5218701633569927,0.49091749625504866,0.04549356444565921,nan,nan,0.5024684961669321,0.019401667190060545,-0.0,0.0,0.0,0.0,17.8374,1,16.8374,nan,nan,116473,11.665414765470821,nan
18,Makadara,clothes,1,0,area,4,0.3226082931790964,0.2962363587249201,0.04549356444565921,nan,nan,0.30320662598903586,0.019401667190060545,-0.0,0.0,0.0,0.0,1.9964,1,0.9964,nan,nan,116473,11.665414765470821,nan
18,Makadara,hairdresser,1,0,area,5,0.31295406765181544,0.2868040694166571,0.04549356444565921,nan,nan,0.2935524004617549,0.019401667190060545,-0.0,0.0,0.0,0.0,4.5221,1,3.5221,nan,nan,116473,11.665414765470821,nan
18,Makadara,hardware,1,0,area,6,0.260910023498066,0.23595644007103983,0.04549356444565921,nan,nan,0.24150835630800546,0.019401667190060545,-0.0,0.0,0.0,0.0,1.9286,1,0.9286000000000001,nan,nan,116473,11.665414765470821,nan
18,Makadara,fast_food,2,0,area,7,0.23676758658013186,0.6031735994040928,0.04549356444565921,nan,nan,0.6173659193900713,0.019401667190060545,-0.0,0.0,0.4,0.0,4.3879,0,4.3879,nan,nan,116473,11.665414765470821,nan
18,Makadara,greengrocer,2,0,area,8,-0.015818322998248757,0.35639426245969785,0.04549356444565921,nan,nan,0.36478000981169073,0.019401667190060545,-0.0,0.0,0.4,0.0,1.1369,0,1.1369,nan,nan,116473,11.665414765470821,nan
18,Makadara,kiosk,2,0,area,9,-0.25179549417548314,0.12584185383826196,0.04549356444565921,nan,nan,0.12880283863445635,0.019401667190060545,-0.0,0.0,0.4,0.0,12.3443,6,6.3443000000000005,nan,nan,116473,11.665414765470821,nan
18,Makadara,motorcycle_taxi,2,1,area,10,-0.3805983328099395,0.0,0.04549356444565921,nan,nan,0.0,0.019401667190060545,-0.0,0.0,0.4,0.0,0.0,0,0.0,nan,nan,116473,11.665414765470821,nan
18,Makadara,salon,2,0,area,11,-0.4317739174835487,-0.04999913445122743,0.04549356444565921,nan,nan,-0.05117558467360925,0.019401667190060545,-0.0,0.0,0.4,0.0,0.9695,1,-0.03049999999999997,nan,nan,116473,11.665414765470821,nan
18,Makadara,laundry,2,0,area,12,-0.5928484716493878,-0.20737082530290932,0.04549356444565921,nan,nan,-0.21225013883944835,0.019401667190060545,-0.0,0.0,0.4,0.0,0.5899,1,-0.4101,nan,nan,116473,11.665414765470821,nan
19,Viwandani,supermarket,1,0,bbox,1,-0.07465438255596929,0.739558048390164,-1.2465426959228043,nan,nan,0.7569594142346384,-0.5316137967906077,-0.0,0.0,0.0,0.3,9.8267,1,8.8267,nan,nan,43070,10.670581978048157,nan
19,Viwandani,restaurant,1,0,bbox,2,-0.279801718468809,0.5391267431879643,-1.2465426959228043,nan,nan,0.5518120783217987,-0.5316137967906077,-0.0,0.0,0.0,0.3,34.7046,5,29.7046,nan,nan,43070,10.670581978048157,nan
19,Viwandani,clothes,1,0,bbox,3,-0.3576708734607804,0.4630476837130497,-1.2465426959228043,nan,nan,0.4739429233298273,-0.5316137967906077,-0.0,0.0,0.0,0.3,2.5277,1,1.5276999999999998,nan,nan,43070,10.670581978048157,nan
19,Viwandani,salon,2,0,bbox,4,-0.7133335005873411,0.5063658066353756,-1.2465426959228043,nan,nan,0.5182802962032667,-0.5316137967906077,-0.0,0.0,0.4,0.3,1.2275,0,1.2275,nan,nan,43070,10.670581978048157,nan
19,Viwandani,fast_food,2,0,bbox,5,-0.8916366625905705,0.3321615678965882,-1.2465426959228043,nan,nan,0.3399771342000373,-0.5316137967906077,-0.0,0.0,0.4,0.3,5.5557,3,2.5557,nan,nan,43070,10.670581978048157,nan
19,Viwandani,greengrocer,2,0,bbox,6,-1.0852014322448604,0.14304656306193708,-1.2465426959228043,nan,nan,0.14641236454574735,-0.5316137967906077,-0.0,0.0,0.4,0.3,1.4395,1,0.4395,nan,nan,43070,10.670581978048157,nan
19,Viwandani,kiosk,2,0,bbox,7,-1.1532406030058953,0.07657151116897207,-1.2465426959228043,nan,nan,0.07837319378471258,-0.5316137967906077,-0.0,0.0,0.4,0.3,15.6295,12,3.6295,nan,nan,43070,10.670581978048157,nan
19,Viwandani,hairdresser,1,0,bbox,8,-1.1602132133121312,-0.32104540694631617,-1.2465426959228043,nan,nan,-0.3285994165215236,-0.5316137967906077,-0.0,0.0,0.0,0.3,5.7256,9,-3.2744,nan,nan,43070,10.670581978048157,nan
19,Viwandani,motorcycle_taxi,2,1,bbox,9,-1.2316137967906078,0.0,-1.2465426959228043,nan,nan,0.0,-0.5316137967906077,-0.0,0.0,0.4,0.3,0.0,0,0.0,nan,nan,43070,10.670581978048157,nan
19,Viwandani,laundry,2,0,bbox,10,-1.8779943906625804,-0.631521269874916,-1.2465426959228043,nan,nan,-0.6463805938719728,-0.5316137967906077,-0.0,0.0,0.4,0.3,0.7469,2,-1.2530999999999999,nan,nan,43070,10.670581978048157,nan
19,Viwandani,pharmacy,1,0,bbox,11,-1.9613652076063193,-1.1037801140153503,-1.2465426959228043,nan,nan,-1.1297514108157114,-0.5316137967906077,-0.0,0.0,0.0,0.3,22.5844,59,-36.4156,nan,nan,43070,10.670581978048157,nan
19,Viwandani,hardware,1,0,bbox,12,-3.409340709824718,-2.5184688230793033,-1.2465426959228043,nan,nan,-2.5777269130341103,-0.5316137967906077,-0.0,0.0,0.0,0.3,2.4419,11,-8.5581,nan,nan,43070,10.670581978048157,nan
20,Huruma,clothes,1,0,bbox,1,0.8176758846040169,1.0892259381010148,0.006614995215259244,nan,nan,1.1148547837033915,0.0028211009006252658,-0.0,0.0,0.0,0.3,3.5221,0,3.5221,nan,nan,113038,11.6354793243498,nan
20,Huruma,restaurant,1,0,bbox,2,0.5260870156053623,0.804340261493134,0.006614995215259244,nan,nan,0.8232659147047371,0.0028211009006252658,-0.0,0.0,0.0,0.3,48.3587,4,44.3587,nan,nan,113038,11.6354793243498,nan
20,Huruma,fast_food,2,0,bbox,3,0.4279105384728265,1.0992253125705413,0.006614995215259244,nan,nan,1.1250894375722011,0.0028211009006252658,-0.0,0.0,0.4,0.3,7.7415,0,7.7415,nan,nan,113038,11.6354793243498,nan
20,Huruma,hardware,1,0,bbox,4,0.3823693221785653,0.6639264230876426,0.006614995215259244,nan,nan,0.67954822127794,0.0028211009006252658,-0.0,0.0,0.0,0.3,3.4026,1,2.4026,nan,nan,113038,11.6354793243498,nan
20,Huruma,hairdresser,1,0,bbox,5,0.3127541546188514,0.5959116042074624,0.006614995215259244,nan,nan,0.6099330537182261,0.0028211009006252658,-0.0,0.0,0.0,0.3,7.9783,1,6.9783,nan,nan,113038,11.6354793243498,nan
20,Huruma,supermarket,1,0,bbox,6,0.17820534902753188,0.46445587460674786,0.006614995215259244,nan,nan,0.4753842481269066,0.0028211009006252658,-0.0,0.0,0.0,0.3,13.6928,8,5.6928,nan,nan,113038,11.6354793243498,nan
20,Huruma,pharmacy,1,0,bbox,7,0.10207780966077562,0.39007839361623886,0.006614995215259244,nan,nan,0.39925670876015035,0.0028211009006252658,-0.0,0.0,0.0,0.3,31.47,18,13.469999999999999,nan,nan,113038,11.6354793243498,nan
20,Huruma,salon,2,0,bbox,8,0.03969459652793278,0.7199338750381741,0.006614995215259244,nan,nan,0.7368734956273075,0.0028211009006252658,-0.0,0.0,0.4,0.3,1.7104,0,1.7104,nan,nan,113038,11.6354793243498,nan
20,Huruma,greengrocer,2,0,bbox,9,-0.06033171554008149,0.6222070184199993,0.006614995215259244,nan,nan,0.6368471835592933,0.0028211009006252658,-0.0,0.0,0.4,0.3,2.0058,0,2.0058,nan,nan,113038,11.6354793243498,nan
20,Huruma,laundry,2,0,bbox,10,-0.16229206977608707,0.5225905803733271,0.006614995215259244,nan,nan,0.5348868293232877,0.0028211009006252658,-0.0,0.0,0.4,0.3,1.0407,0,1.0407,nan,nan,113038,11.6354793243498,nan
20,Huruma,kiosk,2,0,bbox,11,-0.33739684434599476,0.35151120291996896,0.006614995215259244,nan,nan,0.35978205475338,0.0028211009006252658,-0.0,0.0,0.4,0.3,21.7787,3,18.7787,nan,nan,113038,11.6354793243498,nan
20,Huruma,motorcycle_taxi,2,1,bbox,12,-0.6971788990993748,0.0,0.006614995215259244,nan,nan,0.0,0.0028211009006252658,-0.0,0.0,0.4,0.3,0.0,0,0.0,nan,nan,113038,11.6354793243498,nan
21,Mathare,restaurant,1,0,area,1,0.16648939316678027,0.26244436589111403,-0.23947755623036124,nan,nan,0.26861952744149314,-0.10213013427471287,-0.0,0.0,0.0,0.0,25.4168,11,14.416799999999999,nan,nan,93526,11.445994751487438,nan
21,Mathare,fast_food,2,0,area,2,0.0669402810898041,0.5559883368503902,-0.23947755623036124,nan,nan,0.569070415364517,-0.10213013427471287,-0.0,0.0,0.4,0.0,4.0689,0,4.0689,nan,nan,93526,11.445994751487438,nan
21,Mathare,salon,2,0,area,3,-0.1325511551366717,0.36108291065210923,-0.23947755623036124,nan,nan,0.36957897913804116,-0.10213013427471287,-0.0,0.0,0.4,0.0,0.899,0,0.899,nan,nan,93526,11.445994751487438,nan
21,Mathare,laundry,2,0,area,4,-0.22149028674212187,0.27418835678471537,-0.23947755623036124,nan,nan,0.280639847532591,-0.10213013427471287,-0.0,0.0,0.4,0.0,0.547,0,0.547,nan,nan,93526,11.445994751487438,nan
21,Mathare,hairdresser,1,0,area,5,-0.29637624809832464,-0.18978068591962072,-0.23947755623036124,nan,nan,-0.1942461138236118,-0.10213013427471287,-0.0,0.0,0.0,0.0,4.1933,6,-1.8067000000000002,nan,nan,93526,11.445994751487438,nan
21,Mathare,greengrocer,2,0,area,6,-0.47636166666181323,0.025176089047085907,-0.23947755623036124,nan,nan,0.02576846761289969,-0.10213013427471287,-0.0,0.0,0.4,0.0,1.0542,1,0.054200000000000026,nan,nan,93526,11.445994751487438,nan
21,Mathare,hardware,1,0,area,7,-0.4966413973755637,-0.3854420386617508,-0.23947755623036124,nan,nan,-0.3945112631008508,-0.10213013427471287,-0.0,0.0,0.0,0.0,1.7884,3,-1.2116,nan,nan,93526,11.445994751487438,nan
21,Mathare,motorcycle_taxi,2,1,area,8,-0.5021301342747129,0.0,-0.23947755623036124,nan,nan,0.0,-0.10213013427471287,-0.0,0.0,0.4,0.0,0.0,0,0.0,nan,nan,93526,11.445994751487438,nan
21,Mathare,kiosk,2,0,area,9,-0.6686401602813982,-0.16268220931687646,-0.23947755623036124,nan,nan,-0.1665100260066853,-0.10213013427471287,-0.0,0.0,0.4,0.0,11.4466,21,-9.5534,nan,nan,93526,11.445994751487438,nan
21,Mathare,supermarket,1,0,area,10,-0.7494885632218086,-0.6324766259827947,-0.23947755623036124,nan,nan,-0.6473584289470957,-0.10213013427471287,-0.0,0.0,0.0,0.0,7.1968,14,-6.8032,nan,nan,93526,11.445994751487438,nan
21,Mathare,clothes,1,0,area,11,-1.7737187170540416,-1.6331612590372753,-0.23947755623036124,nan,nan,-1.6715885827793286,-0.10213013427471287,-0.0,0.0,0.0,0.0,1.8512,7,-5.1488,nan,nan,93526,11.445994751487438,nan
21,Mathare,pharmacy,1,0,area,12,-1.8768923832877868,-1.733963116851854,-0.23947755623036124,nan,nan,-1.774762249013074,-0.10213013427471287,-0.0,0.0,0.0,0.0,16.5402,74,-57.4598,nan,nan,93526,11.445994751487438,nan
22,Dandora,fast_food,2,0,bbox,1,1.3171196436648052,1.4476714661685266,1.2553862663405968,nan,nan,1.4817343241960212,0.5353853194687839,-0.0,0.0,0.4,0.3,10.0972,0,10.0972,nan,nan,295670,12.596999246517216,nan
22,Dandora,restaurant,1,0,bbox,2,1.2200942173815121,0.962071911753815,1.2553862663405968,nan,nan,0.9847088979127282,0.5353853194687839,-0.0,0.0,0.0,0.3,63.074,10,53.074,nan,nan,295670,12.596999246517216,nan
22,Dandora,supermarket,1,0,bbox,3,1.1749880846922212,0.9180027016550826,1.2553862663405968,nan,nan,0.9396027652234373,0.5353853194687839,-0.0,0.0,0.0,0.3,17.8595,7,10.8595,nan,nan,295670,12.596999246517216,nan
22,Dandora,pharmacy,1,0,bbox,4,0.9894528532570412,0.7367326479540446,1.2553862663405968,nan,nan,0.7540675337882573,0.5353853194687839,-0.0,0.0,0.0,0.3,41.0461,16,25.046100000000003,nan,nan,295670,12.596999246517216,nan
22,Dandora,salon,2,0,bbox,5,0.8078723174779789,0.9501309750664548,1.2553862663405968,nan,nan,0.9724869980091949,0.5353853194687839,-0.0,0.0,0.4,0.3,2.2309,0,2.2309,nan,nan,295670,12.596999246517216,nan
22,Dandora,greengrocer,2,0,bbox,6,0.663358988073004,0.8089397911650427,1.2553862663405968,nan,nan,0.8279736686042201,0.5353853194687839,-0.0,0.0,0.4,0.3,2.6162,0,2.6162,nan,nan,295670,12.596999246517216,nan
22,Dandora,hairdresser,1,0,bbox,7,0.6098499528491763,0.36585625100383173,1.2553862663405968,nan,nan,0.37446463338039243,0.5353853194687839,-0.0,0.0,0.0,0.3,10.406,6,4.406000000000001,nan,nan,295670,12.596999246517216,nan
22,Dandora,laundry,2,0,bbox,8,0.5333671845083237,0.6819363049236882,1.2553862663405968,nan,nan,0.6979818650395396,0.5353853194687839,-0.0,0.0,0.4,0.3,1.3574,0,1.3574,nan,nan,295670,12.596999246517216,nan
22,Dandora,hardware,1,0,bbox,9,0.3310983177345573,0.09351269945506596,1.2553862663405968,nan,nan,0.09571299826577338,0.5353853194687839,-0.0,0.0,0.0,0.3,4.438,4,0.4379999999999997,nan,nan,295670,12.596999246517216,nan
22,Dandora,kiosk,2,0,bbox,10,0.24396977695873628,0.3991917113407581,1.2553862663405968,nan,nan,0.40858445748995237,0.5353853194687839,-0.0,0.0,0.4,0.3,28.4059,7,21.4059,nan,nan,295670,12.596999246517216,nan
22,Dandora,motorcycle_taxi,2,1,bbox,11,-0.16461468053121614,0.0,1.2553862663405968,nan,nan,0.0,0.5353853194687839,-0.0,0.0,0.4,0.3,0.0,0,0.0,nan,nan,295670,12.596999246517216,nan
22,Dandora,clothes,1,0,bbox,12,-0.5548209130064061,-0.772040571958519,1.2553862663405968,nan,nan,-0.7902062324751901,0.5353853194687839,-0.0,0.0,0.0,0.3,4.5939,7,-2.4061000000000003,nan,nan,295670,12.596999246517216,nan
23,Njiru,pharmacy,1,0,area,1,0.9482109600188504,0.5503596827306789,0.9025279780422957,nan,nan,0.5633093223243419,0.3849016376945084,-0.0,0.0,0.0,0.0,21.8224,3,18.8224,nan,nan,225327,12.32530795945312,nan
23,Njiru,restaurant,1,0,area,2,0.6927329543864779,0.3007547346990506,0.9025279780422957,nan,nan,0.30783131669196945,0.3849016376945084,-0.0,0.0,0.0,0.0,33.5336,17,16.5336,nan,nan,225327,12.32530795945312,nan
23,Njiru,hairdresser,1,0,area,3,0.6793969004699436,0.28772525673462057,0.9025279780422957,nan,nan,0.29449526277543514,0.3849016376945084,-0.0,0.0,0.0,0.0,5.5324,2,3.5324,nan,nan,225327,12.32530795945312,nan
23,Njiru,fast_food,2,0,area,4,0.599285044767014,0.6002596505880804,0.9025279780422957,nan,nan,0.6143834070725057,0.3849016376945084,-0.0,0.0,0.4,0.0,5.3682,1,4.3682,nan,nan,225327,12.32530795945312,nan
23,Njiru,clothes,1,0,area,5,0.5100771913575542,0.12229795472826321,0.9025279780422957,nan,nan,0.12517555366304586,0.3849016376945084,-0.0,0.0,0.0,0.0,2.4424,2,0.4424000000000001,nan,nan,225327,12.32530795945312,nan
23,Njiru,greengrocer,2,0,area,6,0.42921331068020196,0.4340976115377467,0.9025279780422957,nan,nan,0.44431167298569363,0.3849016376945084,-0.0,0.0,0.4,0.0,1.3909,0,1.3909,nan,nan,225327,12.32530795945312,nan
23,Njiru,laundry,2,0,area,7,0.3555089709853224,0.36208762447953097,0.9025279780422957,nan,nan,0.370607333290814,0.3849016376945084,-0.0,0.0,0.4,0.0,0.7217,0,0.7217,nan,nan,225327,12.32530795945312,nan
23,Njiru,kiosk,2,0,area,8,0.2763878208350373,0.284785351344195,0.9025279780422957,nan,nan,0.291486183140529,0.3849016376945084,-0.0,0.0,0.4,0.0,15.1021,0,15.1021,nan,nan,225327,12.32530795945312,nan
23,Njiru,supermarket,1,0,area,9,0.2135857444341274,-0.16737759686359066,0.9025279780422957,nan,nan,-0.17131589326038102,0.3849016376945084,-0.0,0.0,0.0,0.0,9.4951,11,-1.5048999999999992,nan,nan,225327,12.32530795945312,nan
23,Njiru,hardware,1,0,area,10,0.16010853394530603,-0.21962544619174948,0.9025279780422957,nan,nan,-0.2247931037492024,0.3849016376945084,-0.0,0.0,0.0,0.0,2.3595,3,-0.6404999999999998,nan,nan,225327,12.32530795945312,nan
23,Njiru,salon,2,0,area,11,0.031773862081257875,0.0457947019870541,0.9025279780422957,nan,nan,0.046872224386749484,0.3849016376945084,-0.0,0.0,0.4,0.0,1.1861,1,0.18609999999999993,nan,nan,225327,12.32530795945312,nan
23,Njiru,motorcycle_taxi,2,1,area,12,-0.015098362305491608,0.0,0.9025279780422957,nan,nan,0.0,0.3849016376945084,-0.0,0.0,0.4,0.0,0.0,0,0.0,nan,nan,225327,12.32530795945312,nan
24,Ruai,clothes,1,0,bbox,1,0.7615692246130565,1.0718320977013491,-0.08320023194227752,nan,nan,1.0970516764707925,-0.035482451857736,-0.0,0.0,0.0,0.3,3.4667,0,3.4667,nan,nan,105485,11.566324041694923,nan
24,Ruai,hardware,1,0,bbox,2,0.6253444208408574,0.9387388986135684,-0.08320023194227752,nan,nan,0.9608268726985935,-0.035482451857736,-0.0,0.0,0.0,0.3,3.3491,0,3.3491,nan,nan,105485,11.566324041694923,nan
24,Ruai,pharmacy,1,0,bbox,3,0.6003075878270792,0.9142776249794171,-0.08320023194227752,nan,nan,0.9357900396848151,-0.035482451857736,-0.0,0.0,0.0,0.3,30.975,0,30.975,nan,nan,105485,11.566324041694923,nan
24,Ruai,supermarket,1,0,bbox,4,0.4799501485356538,0.7966870233728522,-0.08320023194227752,nan,nan,0.8154326003933898,-0.035482451857736,-0.0,0.0,0.0,0.3,13.4775,4,9.4775,nan,nan,105485,11.566324041694923,nan
24,Ruai,restaurant,1,0,bbox,5,0.41812177791911903,0.736279994609571,-0.08320023194227752,nan,nan,0.753604229776855,-0.035482451857736,-0.0,0.0,0.0,0.3,47.5981,7,40.5981,nan,nan,105485,11.566324041694923,nan
24,Ruai,fast_food,2,0,bbox,6,0.3711820238338696,1.0812239130320285,-0.08320023194227752,nan,nan,1.1066644756916055,-0.035482451857736,-0.0,0.0,0.4,0.3,7.6198,0,7.6198,nan,nan,105485,11.566324041694923,nan
24,Ruai,hairdresser,1,0,bbox,7,0.2629623280384639,0.5846874286342184,-0.08320023194227752,nan,nan,0.5984447798961999,-0.035482451857736,-0.0,0.0,0.0,0.3,7.8528,1,6.8528,nan,nan,105485,11.566324041694923,nan
24,Ruai,salon,2,0,bbox,8,-0.01078571552739821,0.7080370412422842,-0.08320023194227752,nan,nan,0.7246967363303378,-0.035482451857736,-0.0,0.0,0.4,0.3,1.6835,0,1.6835,nan,nan,105485,11.566324041694923,nan
24,Ruai,greengrocer,2,0,bbox,9,-0.10849844699915562,0.6125705794595326,-0.08320023194227752,nan,nan,0.6269840048585804,-0.035482451857736,-0.0,0.0,0.4,0.3,1.9743,0,1.9743,nan,nan,105485,11.566324041694923,nan
24,Ruai,laundry,2,0,bbox,10,-0.2090413395718546,0.5143390177505739,-0.08320023194227752,nan,nan,0.5264411122858814,-0.035482451857736,-0.0,0.0,0.4,0.3,1.0243,0,1.0243,nan,nan,105485,11.566324041694923,nan
24,Ruai,kiosk,2,0,bbox,11,-0.32633514692452914,0.3997416197623286,-0.08320023194227752,nan,nan,0.4091473049332069,-0.035482451857736,-0.0,0.0,0.4,0.3,21.4362,0,21.4362,nan,nan,105485,11.566324041694923,nan
24,Ruai,motorcycle_taxi,2,1,bbox,12,-0.7354824518577361,0.0,-0.08320023194227752,nan,nan,0.0,-0.035482451857736,-0.0,0.0,0.4,0.3,0.0,0,0.0,nan,nan,105485,11.566324041694923,nan
25,CBD,pharmacy,1,0,bbox,1,-0.22551532019907172,0.47877452062992626,-0.9744051175648187,nan,nan,0.4900398034682774,-0.41555512366734915,-0.0,0.0,0.0,0.3,24.4319,8,16.4319,nan,nan,53110,10.880120513416445,nan
25,CBD,hardware,1,0,bbox,2,-0.2621590986187987,0.4429731279209976,-0.9744051175648187,nan,nan,0.4533960250485504,-0.41555512366734915,-0.0,0.0,0.0,0.3,2.6416,1,1.6416,nan,nan,53110,10.880120513416445,nan
25,CBD,hairdresser,1,0,bbox,3,-0.4520370071976804,0.25746022873473384,-0.9744051175648187,nan,nan,0.2635181164696687,-0.41555512366734915,-0.0,0.0,0.0,0.3,6.194,3,3.194,nan,nan,53110,10.880120513416445,nan
25,CBD,greengrocer,2,0,bbox,4,-0.6191721294775743,0.48497189087506754,-0.9744051175648187,nan,nan,0.49638299418977494,-0.41555512366734915,-0.0,0.0,0.4,0.3,1.5572,0,1.5572,nan,nan,53110,10.880120513416445,nan
25,CBD,laundry,2,0,bbox,5,-0.700504779380916,0.4055089570614577,-0.9744051175648187,nan,nan,0.4150503442864331,-0.41555512366734915,-0.0,0.0,0.4,0.3,0.808,0,0.808,nan,nan,53110,10.880120513416445,nan
25,CBD,kiosk,2,0,bbox,6,-0.846250331021545,0.2631138778723374,-0.9744051175648187,nan,nan,0.26930479264580415,-0.41555512366734915,-0.0,0.0,0.4,0.3,16.908,3,13.908000000000001,nan,nan,53110,10.880120513416445,nan
25,CBD,motorcycle_taxi,2,1,bbox,7,-1.115555123667349,0.0,-0.9744051175648187,nan,nan,0.0,-0.41555512366734915,-0.0,0.0,0.4,0.3,0.0,0,0.0,nan,nan,53110,10.880120513416445,nan
25,CBD,salon,2,0,bbox,8,-1.4571622609408024,-0.333754099634983,-0.9744051175648187,nan,nan,-0.34160713727345315,-0.41555512366734915,-0.0,0.0,0.4,0.3,1.3279,2,-0.6720999999999999,nan,nan,53110,10.880120513416445,nan
25,CBD,supermarket,1,0,bbox,9,-1.59349089993959,-0.8577533446337986,-0.9744051175648187,nan,nan,-0.8779357762722408,-0.41555512366734915,-0.0,0.0,0.0,0.3,10.6305,20,-9.3695,nan,nan,53110,10.880120513416445,nan
25,CBD,restaurant,1,0,bbox,10,-1.7597988346450633,-1.0202381084265024,-0.9744051175648187,nan,nan,-1.044243710977714,-0.41555512366734915,-0.0,0.0,0.0,0.3,37.5435,94,-56.4565,nan,nan,53110,10.880120513416445,nan
25,CBD,clothes,1,0,bbox,11,-2.1033223290489986,-1.35586451100506,-0.9744051175648187,nan,nan,-1.3877672053816494,-0.41555512366734915,-0.0,0.0,0.0,0.3,2.7344,7,-4.2656,nan,nan,53110,10.880120513416445,nan
25,CBD,fast_food,2,0,bbox,12,-2.372130458750962,-1.227688545771346,-0.9744051175648187,nan,nan,-1.2565753350836129,-0.41555512366734915,-0.0,0.0,0.4,0.3,6.0102,14,-7.9898,nan,nan,53110,10.880120513416445,nan
26,Central,hardware,1,0,bbox,1,0.06878697142790363,0.7486493817336702,-0.9320166521229655,nan,nan,0.7662646613038742,-0.39747768987597054,-0.0,0.0,0.0,0.3,2.6944,0,2.6944,nan,nan,54872,10.912758479179157,nan
26,Central,pharmacy,1,0,bbox,2,-0.16183944959440416,0.5233247175164729,-0.9320166521229655,nan,nan,0.5356382402815664,-0.39747768987597054,-0.0,0.0,0.0,0.3,24.9196,7,17.9196,nan,nan,54872,10.912758479179157,nan
26,Central,hairdresser,1,0,bbox,3,-0.3311051951877465,0.3579501384884948,-0.9320166521229655,nan,nan,0.366372494688224,-0.39747768987597054,-0.0,0.0,0.0,0.3,6.3176,2,4.3176,nan,nan,54872,10.912758479179157,nan
26,Central,greengrocer,2,0,bbox,4,-0.5913567636991424,0.4944859623566712,-0.9320166521229655,nan,nan,0.5061209261768281,-0.39747768987597054,-0.0,0.0,0.4,0.3,1.5883,0,1.5883,nan,nan,54872,10.912758479179157,nan
26,Central,laundry,2,0,bbox,5,-0.6741361233759863,0.4136095764655019,-0.9320166521229655,nan,nan,0.4233415664999843,-0.39747768987597054,-0.0,0.0,0.4,0.3,0.8241,0,0.8241,nan,nan,54872,10.912758479179157,nan
26,Central,kiosk,2,0,bbox,6,-0.76617422968541,0.323687288691927,-0.9320166521229655,nan,nan,0.3313034601905605,-0.39747768987597054,-0.0,0.0,0.4,0.3,17.2456,0,17.2456,nan,nan,54872,10.912758479179157,nan
26,Central,motorcycle_taxi,2,1,bbox,7,-1.0974776898759706,0.0,-0.9320166521229655,nan,nan,0.0,-0.39747768987597054,-0.0,0.0,0.4,0.3,0.0,0,0.0,nan,nan,54872,10.912758479179157,nan
26,Central,supermarket,1,0,bbox,8,-1.3766513542545569,-0.6635604766917221,-0.9320166521229655,nan,nan,-0.6791736643785862,-0.39747768987597054,-0.0,0.0,0.0,0.3,10.8427,18,-7.157299999999999,nan,nan,54872,10.912758479179157,nan
26,Central,salon,2,0,bbox,9,-1.427089134905197,-0.3220341704308534,-0.9320166521229655,nan,nan,-0.3296114450292264,-0.39747768987597054,-0.0,0.0,0.4,0.3,1.3544,2,-0.6456,nan,nan,54872,10.912758479179157,nan
26,Central,restaurant,1,0,bbox,10,-1.6722653333014075,-0.9523787320823235,-0.9320166521229655,nan,nan,-0.9747876434254369,-0.39747768987597054,-0.0,0.0,0.0,0.3,38.293,91,-52.707,nan,nan,54872,10.912758479179157,nan
26,Central,clothes,1,0,bbox,11,-2.0676988726059973,-1.3387218451960032,-0.9320166521229655,nan,nan,-1.3702211827300268,-0.39747768987597054,-0.0,0.0,0.0,0.3,2.789,7,-4.211,nan,nan,54872,10.912758479179157,nan
26,Central,fast_food,2,0,bbox,12,-2.3358854372383715,-1.209938603744875,-0.9320166521229655,nan,nan,-1.2384077473624013,-0.39747768987597054,-0.0,0.0,0.4,0.3,6.1302,14,-7.8698,nan,nan,54872,10.912758479179157,nan
27,South B,salon,2,0,bbox,1,-0.039814705265624306,0.6955210413752326,-0.12122980819926334,nan,nan,0.7118862423487674,-0.051700947614391715,-0.0,0.0,0.4,0.3,1.6552,0,1.6552,nan,nan,102441,11.537042302077607,nan
27,South B,hairdresser,1,0,bbox,2,-0.03995954310134903,0.30457493544377734,-0.12122980819926334,nan,nan,0.31174140451304266,-0.051700947614391715,-0.0,0.0,0.0,0.3,7.7208,4,3.7207999999999997,nan,nan,102441,11.537042302077607,nan
27,South B,supermarket,1,0,bbox,3,-0.09570795019805645,0.2501081009240057,-0.12122980819926334,nan,nan,0.25599299741633524,-0.051700947614391715,-0.0,0.0,0.0,0.3,13.251,10,3.2509999999999994,nan,nan,102441,11.537042302077607,nan
27,South B,restaurant,1,0,bbox,4,-0.3353554159521223,0.015969772313711477,-0.12122980819926334,nan,nan,0.016345531662269392,-0.051700947614391715,-0.0,0.0,0.0,0.3,46.7981,46,0.798099999999998,nan,nan,102441,11.537042302077607,nan
27,South B,greengrocer,2,0,bbox,5,-0.4482292041391961,0.2964953815562256,-0.12122980819926334,nan,nan,0.3034717434751956,-0.051700947614391715,-0.0,0.0,0.4,0.3,1.9411,1,0.9411,nan,nan,102441,11.537042302077607,nan
27,South B,kiosk,2,0,bbox,6,-0.5164289206711128,0.22986347459975526,-0.12122980819926334,nan,nan,0.2352720269432789,-0.051700947614391715,-0.0,0.0,0.4,0.3,21.0759,9,12.0759,nan,nan,102441,11.537042302077607,nan
27,South B,motorcycle_taxi,2,1,bbox,7,-0.7517009476143917,0.0,-0.12122980819926334,nan,nan,0.0,-0.051700947614391715,-0.0,0.0,0.4,0.3,0.0,0,0.0,nan,nan,102441,11.537042302077607,nan
27,South B,pharmacy,1,0,bbox,8,-0.7804802202840256,-0.4189222778956194,-0.12122980819926334,nan,nan,-0.42877927266963395,-0.051700947614391715,-0.0,0.0,0.0,0.3,30.4544,44,-13.5456,nan,nan,102441,11.537042302077607,nan
27,South B,hardware,1,0,bbox,9,-0.8934934570375623,-0.5293375092065461,-0.12122980819926334,nan,nan,-0.5417925094231707,-0.051700947614391715,-0.0,0.0,0.0,0.3,3.2928,5,-1.7071999999999998,nan,nan,102441,11.537042302077607,nan
27,South B,fast_food,2,0,bbox,10,-1.4811891439363503,-0.7127183527283503,-0.12122980819926334,nan,nan,-0.7294881963219585,-0.051700947614391715,-0.0,0.0,0.4,0.3,7.4917,12,-4.5083,nan,nan,102441,11.537042302077607,nan
27,South B,laundry,2,0,bbox,11,-1.7790657771127723,-1.0037472472110613,-0.12122980819926334,nan,nan,-1.0273648294983804,-0.051700947614391715,-0.0,0.0,0.4,0.3,1.0071,3,-1.9929,nan,nan,102441,11.537042302077607,nan
27,South B,clothes,1,0,bbox,12,-1.8441979841712037,-1.4581867598543568,-0.12122980819926334,nan,nan,-1.492497036556812,-0.051700947614391715,-0.0,0.0,0.0,0.3,3.4085,8,-4.5915,nan,nan,102441,11.537042302077607,nan
28,Highridge,hardware,1,0,bbox,1,0.03632367611640103,0.5441296693612856,-0.5172901728148346,nan,nan,0.5569327204050805,-0.22060904428867945,-0.0,0.0,0.0,0.3,2.99,1,1.9900000000000002,nan,nan,75515,11.232086591000442,nan
28,Highridge,pharmacy,1,0,bbox,2,-0.08506545689489808,0.4255310911318554,-0.5172901728148346,nan,nan,0.43554358739378135,-0.22060904428867945,-0.0,0.0,0.0,0.3,27.6539,13,14.6539,nan,nan,75515,11.232086591000442,nan
28,Highridge,hairdresser,1,0,bbox,3,-0.18232103094386293,0.33051127740585523,-0.5172901728148346,nan,nan,0.3382880133448165,-0.22060904428867945,-0.0,0.0,0.0,0.3,7.0108,3,4.0108,nan,nan,75515,11.232086591000442,nan
28,Highridge,clothes,1,0,bbox,4,-0.5070724699145306,0.013225388756352362,-0.5172901728148346,nan,nan,0.013536574374148886,-0.22060904428867945,-0.0,0.0,0.0,0.3,3.095,3,0.0950000000000002,nan,nan,75515,11.232086591000442,nan
28,Highridge,kiosk,2,0,bbox,5,-0.609883881049845,0.30358205603794164,-0.5172901728148346,nan,nan,0.31072516323883437,-0.22060904428867945,-0.0,0.0,0.4,0.3,19.1378,3,16.1378,nan,nan,75515,11.232086591000442,nan
28,Highridge,motorcycle_taxi,2,1,bbox,6,-0.9206090442886794,0.0,-0.5172901728148346,nan,nan,0.0,-0.22060904428867945,-0.0,0.0,0.4,0.3,0.0,0,0.0,nan,nan,75515,11.232086591000442,nan
28,Highridge,laundry,2,0,bbox,7,-0.9656957837170277,-0.04405026265988043,-0.5172901728148346,nan,nan,-0.0450867394283482,-0.22060904428867945,-0.0,0.0,0.4,0.3,0.9145,1,-0.08550000000000002,nan,nan,75515,11.232086591000442,nan
28,Highridge,salon,2,0,bbox,8,-1.1829540792238649,-0.2563141145918478,-0.5172901728148346,nan,nan,-0.26234503493518535,-0.22060904428867945,-0.0,0.0,0.4,0.3,1.503,2,-0.4970000000000001,nan,nan,75515,11.232086591000442,nan
28,Highridge,supermarket,1,0,bbox,9,-1.2725866772358527,-0.7346907908104566,-0.5172901728148346,nan,nan,-0.7519776329471732,-0.22060904428867945,-0.0,0.0,0.0,0.3,12.0324,20,-7.967599999999999,nan,nan,75515,11.232086591000442,nan
28,Highridge,restaurant,1,0,bbox,10,-2.5290111535652944,-1.9622319458449689,-0.5172901728148346,nan,nan,-2.008402109276615,-0.22060904428867945,-0.0,0.0,0.0,0.3,42.4946,151,-108.50540000000001,nan,nan,75515,11.232086591000442,nan
28,Highridge,greengrocer,2,0,bbox,11,-2.5517293516818964,-1.5936232888324535,-0.5172901728148346,nan,nan,-1.631120307393217,-0.22060904428867945,-0.0,0.0,0.4,0.3,1.7626,7,-5.2374,nan,nan,75515,11.232086591000442,nan
28,Highridge,fast_food,2,0,bbox,12,-2.6627737198474124,-1.7021149129022106,-0.5172901728148346,nan,nan,-1.742164675558733,-0.22060904428867945,-0.0,0.0,0.4,0.3,6.8028,18,-11.197199999999999,nan,nan,75515,11.232086591000442,nan
29,Kangemi,clothes,1,0,bbox,1,1.0743589880860964,1.1855827904233507,0.377236171599633,nan,nan,1.2134788560803706,0.16088013200572585,-0.0,0.0,0.0,0.3,3.829,0,3.829,nan,nan,150369,11.920847552231567,nan
29,Kangemi,hairdresser,1,0,bbox,2,0.6259643833411019,0.7474961076265169,0.377236171599633,nan,nan,0.765084251335376,0.16088013200572585,-0.0,0.0,0.0,0.3,8.6732,0,8.6732,nan,nan,150369,11.920847552231567,nan
29,Kangemi,supermarket,1,0,bbox,3,0.5332834376140563,0.6569457583529665,0.377236171599633,nan,nan,0.6724033056083304,0.16088013200572585,-0.0,0.0,0.0,0.3,14.8856,7,7.8856,nan,nan,150369,11.920847552231567,nan
29,Kangemi,restaurant,1,0,bbox,4,0.3916988615191513,0.5186160000993237,0.377236171599633,nan,nan,0.5308187295134255,0.16088013200572585,-0.0,0.0,0.0,0.3,52.5713,24,28.5713,nan,nan,150369,11.920847552231567,nan
29,Kangemi,hardware,1,0,bbox,5,0.33133415450968623,0.45963898750386933,0.377236171599633,nan,nan,0.47045402250396035,0.16088013200572585,-0.0,0.0,0.0,0.3,3.699,2,1.6989999999999998,nan,nan,150369,11.920847552231567,nan
29,Kangemi,salon,2,0,bbox,6,0.26520110477981756,0.7858308354689403,0.377236171599633,nan,nan,0.8043209727740918,0.16088013200572585,-0.0,0.0,0.4,0.3,1.8594,0,1.8594,nan,nan,150369,11.920847552231567,nan
29,Kangemi,fast_food,2,0,bbox,7,0.08248515519741323,0.6073152525436027,0.377236171599633,nan,nan,0.6216050231916874,0.16088013200572585,-0.0,0.0,0.4,0.3,8.4159,4,4.415900000000001,nan,nan,150369,11.920847552231567,nan
29,Kangemi,laundry,2,0,bbox,8,0.04247589640783905,0.5682257468296509,0.377236171599633,nan,nan,0.5815957644021132,0.16088013200572585,-0.0,0.0,0.4,0.3,1.1314,0,1.1314,nan,nan,150369,11.920847552231567,nan
29,Kangemi,kiosk,2,0,bbox,9,-0.08836829181826084,0.4403894709765648,0.377236171599633,nan,nan,0.4507515761760133,0.16088013200572585,-0.0,0.0,0.4,0.3,23.6759,0,23.6759,nan,nan,150369,11.920847552231567,nan
29,Kangemi,pharmacy,1,0,bbox,10,-0.45274600017353595,-0.3064163360372098,0.377236171599633,nan,nan,-0.3136261321792618,0.16088013200572585,-0.0,0.0,0.0,0.3,34.2114,44,-9.788600000000002,nan,nan,150369,11.920847552231567,nan
29,Kangemi,greengrocer,2,0,bbox,11,-0.4738047505432778,0.06381362049809988,0.377236171599633,nan,nan,0.06531511745099634,0.16088013200572585,-0.0,0.0,0.4,0.3,2.1805,2,0.18049999999999988,nan,nan,150369,11.920847552231567,nan
29,Kangemi,motorcycle_taxi,2,1,bbox,12,-0.5391198679942741,0.0,0.377236171599633,nan,nan,0.0,0.16088013200572585,-0.0,0.0,0.4,0.3,0.0,0,0.0,nan,nan,150369,11.920847552231567,nan
30,Kilimani,motorcycle_taxi,2,1,bbox,1,-0.8684627078370863,0.0,-0.39501600458351294,nan,nan,0.0,-0.1684627078370864,-0.0,0.0,0.4,0.3,0.0,0,0.0,nan,nan,82970,11.32623437565833,nan
30,Kilimani,clothes,1,0,bbox,2,-1.0634453366335055,-0.5813048672148924,-0.39501600458351294,nan,nan,-0.5949826287964192,-0.1684627078370864,-0.0,0.0,0.0,0.3,3.2014,5,-1.7986,nan,nan,82970,11.32623437565833,nan
30,Kilimani,supermarket,1,0,bbox,3,-1.5426897714495618,-1.0495321885869013,-0.39501600458351294,nan,nan,-1.0742270636124753,-0.1684627078370864,-0.0,0.0,0.0,0.3,12.4458,24,-11.5542,nan,nan,82970,11.32623437565833,nan
30,Kilimani,fast_food,2,0,bbox,4,-2.726642570652191,-1.815463084359585,-0.39501600458351294,nan,nan,-1.8581798628151045,-0.1684627078370864,-0.0,0.0,0.4,0.3,7.0365,19,-11.9635,nan,nan,82970,11.32623437565833,nan
30,Kilimani,hardware,1,0,bbox,5,-2.852786402334946,-2.329511655543886,-0.39501600458351294,nan,nan,-2.3843236944978594,-0.1684627078370864,-0.0,0.0,0.0,0.3,3.0927,11,-7.9073,nan,nan,82970,11.32623437565833,nan
30,Kilimani,pharmacy,1,0,bbox,6,-3.0075297897514295,-2.480697723709416,-0.39501600458351294,nan,nan,-2.5390670819143435,-0.1684627078370864,-0.0,0.0,0.0,0.3,28.6039,111,-82.3961,nan,nan,82970,11.32623437565833,nan
30,Kilimani,salon,2,0,bbox,7,-3.3707429854932927,-2.4447565931123862,-0.39501600458351294,nan,nan,-2.5022802776562068,-0.1684627078370864,-0.0,0.0,0.4,0.3,1.5547,7,-5.4453,nan,nan,82970,11.32623437565833,nan
30,Kilimani,restaurant,1,0,bbox,8,-3.635363126308576,-3.0940981100008806,-0.39501600458351294,nan,nan,-3.1669004184714895,-0.1684627078370864,-0.0,0.0,0.0,0.3,43.9545,215,-171.0455,nan,nan,82970,11.32623437565833,nan
30,Kilimani,hairdresser,1,0,bbox,9,-3.6781930428801592,-3.1359434307892093,-0.39501600458351294,nan,nan,-3.209730335043073,-0.1684627078370864,-0.0,0.0,0.0,0.3,7.2516,42,-34.748400000000004,nan,nan,82970,11.32623437565833,nan
30,Kilimani,laundry,2,0,bbox,10,-3.9872754661350966,-3.0471159132796655,-0.39501600458351294,nan,nan,-3.1188127582980103,-0.1684627078370864,-0.0,0.0,0.4,0.3,0.9459,7,-6.0541,nan,nan,82970,11.32623437565833,nan
30,Kilimani,greengrocer,2,0,bbox,11,-4.04622337053734,-3.1047086934427766,-0.39501600458351294,nan,nan,-3.1777606627002535,-0.1684627078370864,-0.0,0.0,0.4,0.3,1.8231,12,-10.1769,nan,nan,82970,11.32623437565833,nan
30,Kilimani,kiosk,2,0,bbox,12,-4.390721202831911,-3.4412870353397715,-0.39501600458351294,nan,nan,-3.5222584949948246,-0.1684627078370864,-0.0,0.0,0.4,0.3,19.7952,210,-190.2048,nan,nan,82970,11.32623437565833,nan
